{"Ka": "Ford", "C1": "Citroen", "500": "Fiat", "Fabia": "Skoda", "Space": "Peugeot", "Focus": "Ford", "Ibiza": "Seat", "Polo": "Volkswagen", "Pulsar": "Nissan", "Space Star": "Mitsubishi", "Corsa": "Opel", "Fiesta": "Ford", "I20": "Hyundai", "308": "Peugeot", "Toledo": "Seat", "ForTwo": "Smart", "A1": "Audi", "Panda": "Fiat", "ZOE": "Renault", "Leaf": "Nissan", "iOn": "Peugeot", "ForFour": "Smart", "Zafira": "Opel", "Megane": "Renault", "Arona": "Seat", "Juke": "Nissan", "208": "Peugeot", "Kangoo": "Renault", "Citigo": "Skoda", "Rapid": "Skoda", "Doblo": "Fiat", "C-Elysee": "Citroen", "Mito": "Alfa Romeo", "Captur": "Renault", "Astra": "Opel", "Partner": "Peugeot", "Picanto": "Kia", "3 Series": "BMW", "Tipo": "Fiat", "Berlingo": "Citroen", "Altea": "Seat", "Carens": "Kia", "Crossland X": "Opel", "Clio": "Renault", "Leon": "Seat", "TePee": "Peugeot", "508": "Peugeot", "C3": "Citroen", "Caddy": "Volkswagen", "Dokker": "Dacia", "Cee'd": "Kia", "Mii": "Seat", "Mokka": "Opel", "Transit": "Ford", "Micra": "Nissan", "I30": "Hyundai", "500X": "Fiat", "Swift": "Suzuki", "Aygo": "Toyota", "5008": "Peugeot", "Vitara": "Suzuki", "Scenic": "Renault", "Stonic": "Kia", "Tourneo": "Ford", "Golf": "Volkswagen", "116": "BMW", "Octavia": "Skoda", "Kona": "Hyundai", "Sportage": "Kia", "C4": "Citroen", "I10": "Hyundai", "Ioniq": "Hyundai", "Civic": "Honda", "Scala": "Skoda", "108": "Peugeot", "CX-5": "Mazda", "Niro": "Kia", "C-Max": "Ford", "One": "Mini", "2008": "Peugeot", "Yeti": "Skoda", "S 500": "Mercedes-Benz", "CLA": "Mercedes-Benz", "Duster": "Dacia", "Alhambra": "Seat", "A4": "Audi", "Qashqai": "Nissan", "AMG": "Mercedes-Benz", "C 450 AMG": "Mercedes-Benz", "Q2": "Audi", "E 220": "Mercedes-Benz", "S 63 AMG": "Mercedes-Benz", "Scirocco": "Volkswagen", "Kamiq": "Skoda", "CX-3": "Mazda", "A3": "Audi", "Tiguan": "Volkswagen", "Q5": "Audi", "Tarraco": "Seat", "Ateca": "Seat", "EQ ForFour": "Smart", "CT": "Lexus", "C": "Mercedes-Benz", "Freemont": "Fiat", "XE": "Jaguar", "Kadjar": "Renault", "Q7": "Audi", "CC": "Volkswagen", "Master": "Renault", "EQ ForTwo": "Smart", "A6": "Audi", "Touran": "Volkswagen", "Citan": "Mercedes-Benz", "A8": "Audi", "EcoSport": "Ford", "B": "Mercedes-Benz", "Meriva": "Opel", "Tucson": "Hyundai", "Passat": "Volkswagen", "Crafter": "Volkswagen", "Q3": "Audi", "RC": "Lexus", "595": "Abarth", "Countryman Cooper": "Mini", "A": "Mercedes-Benz", "C 300": "Mercedes-Benz", "GLC 300": "Mercedes-Benz", "Avensis": "Toyota", "A5": "Audi", "I3": "BMW", "Karoq": "Skoda", "Insignia": "Opel", "Mondeo": "Ford", "Express": "Renault", "Formentor": "Cupra", "Superb": "Skoda", "Clubman Cooper": "Mini", "Auris": "Toyota", "up": "Volkswagen", "E 200": "Mercedes-Benz", "CR-V": "Honda", "Cherokee": "Jeep", "3008": "Peugeot", "C-HR": "Toyota", "730": "BMW", "V40": "Volvo", "320": "BMW", "4 Series": "BMW", "Trafic": "Renault", "E 300": "Mercedes-Benz", "HR-V": "Honda", "ASX": "Mitsubishi", "Twingo": "Renault", "218": "BMW", "John Cooper Works": "Mini", "Rio": "Kia", "A7": "Audi", "Grandland X": "Opel", "S-Max": "Ford", "RS5": "Audi", "Grand Scenic": "Renault", "Arteon": "Volkswagen", "T-Cross": "Volkswagen", "Macan": "Porsche", "S7": "Audi", "TT": "Audi", "Rifter": "Peugeot", "Cooper": "Mini", "GLA": "Mercedes-Benz", "911": "Porsche", "Transporter": "Volkswagen", "C 43 AMG": "Mercedes-Benz", "X1": "BMW", "Kuga": "Ford", "T-Roc": "Volkswagen", "Panamera": "Porsche", "XC60": "Volvo", "CLS": "Mercedes-Benz", "X-Trail": "Nissan", "Outlander": "Mitsubishi", "Id.3": "Volkswagen", "NX": "Lexus", "GLE 63 AMG": "Mercedes-Benz", "GLE 400": "Mercedes-Benz", "Eclipse": "Mitsubishi", "Cayenne": "Porsche", "S60": "Volvo", "Optima": "Kia", "C4 Picasso": "Citroen", "500L": "Fiat", "Jazz": "Honda", "XCeed": "Kia", "Impreza": "Subaru", "Fiorino": "Fiat", "Proace": "Toyota", "Bayon": "Hyundai", "Puma": "Ford", "Carnival": "Kia", "Tahoe": "Chevrolet", "Accord": "Honda", "5 Series": "BMW", "Discovery": "Land Rover", "X2": "BMW", "I35": "Hyundai", "407": "Peugeot", "Captiva": "Chevrolet", "Discovery Sport": "Land Rover", "Eos": "Volkswagen", "S8": "Audi", "E-Class": "Mercedes-Benz", "S40": "Volvo", "Yaris": "Toyota", "Sebring": "Chrysler", "Urban Cruiser": "Toyota", "Spider": "Abarth", "Cruze": "Chevrolet", "S-Type": "Jaguar", "XF": "Jaguar", "Range Rover": "Land Rover", "R8": "Audi", "LS": "Lexus", "C4 Aircross": "Citroen", "Sport": "Land Rover", "Antara": "Opel", "Adam": "Opel", "7 Series": "BMW", "Rav4": "Toyota", "SQ5": "Audi", "F-Pace": "Jaguar", "RCZ": "Peugeot", "Grand Cherokee": "Jeep", "MX-5": "Mazda", "Orlando": "Chevrolet", "C70": "Volvo", "Espace": "Renault", "GL-Class": "Mercedes-Benz", "CL-Class": "Mercedes-Benz", "Rodius": "Ssangyong", "Koleos": "Renault", "Kyron": "Ssangyong", "X5": "BMW", "Mr2": "Toyota", "2 Series": "BMW", "GLS-Class": "Mercedes-Benz", "Corolla": "Toyota", "XK": "Jaguar", "SL-Class": "Mercedes-Benz", "807": "Peugeot", "Exeo": "Seat", "62": "Maybach", "C4 Cactus": "Citroen", "Gt": "Alfa Romeo", "RX": "Lexus", "SLK-Class": "Mercedes-Benz", "Evoque": "Land Rover", "ML-Class": "Mercedes-Benz", "XC90": "Volvo", "X6": "BMW", "X3": "BMW", "Sonata": "Hyundai", "GLC-Class": "Mercedes-Benz", "Wrangler": "Jeep", "Elantra": "Hyundai", "607": "Peugeot", "C-Class": "Mercedes-Benz", "Rexton": "Ssangyong", "CX-7": "Mazda", "X-Type": "Jaguar", "Beetle": "Volkswagen", "Renegade": "Jeep", "B-Max": "Ford", "300": "Chrysler", "Levante": "Maserati", "Gt-R": "Nissan", "159": "Alfa Romeo", "Compass": "Jeep", "Touareg": "Volkswagen", "I40": "Hyundai", "GLE-Class": "Mercedes-Benz", "C3 Aircross": "Citroen", "UX": "Lexus", "X4": "BMW", "S-Class": "Mercedes-Benz", "6 Series": "Mazda", "Linea": "Fiat", "A-Class": "Mercedes-Benz", "Logan": "Dacia", "Legend": "Honda", "Vectra": "Opel", "207": "Peugeot", "147": "Alfa Romeo", "F-Type": "Jaguar", "DS5": "DS", "C3 Picasso": "Citroen", "V60": "Volvo", "C6": "Citroen", "Fluence": "Renault", "Santa Fe": "Hyundai", "Montero": "Mitsubishi", "C5": "Citroen", "C8": "Citroen", "Z3": "BMW", "XJ": "Jaguar", "Kodiaq": "Skoda", "Jimny": "Suzuki", "Land Cruiser": "Toyota", "500l": "Fiat", "Giulietta": "Alfa Romeo", "C4 Spacetourer": "Citroen", "Veloster": "Hyundai", "Aveo": "Chevrolet", "Jetta": "Volkswagen", "Boxster": "Porsche", "C2": "Citroen", "Freelander": "Land Rover", "Cayman": "Porsche", "CJ5": "Jeep", "C5 Aircross": "Citroen", "Paceman": "Mini", "Sorento": "Kia", "307": "Peugeot", "Velar": "Land Rover", "Sx4 S-Cross": "Suzuki", "Seville": "Cadillac", "206": "Peugeot", "Sharan": "Volkswagen", "Edge": "Ford", "Murano": "Nissan", "Patrol": "Nissan", "Coupe": "Mercedes-Benz", "GLA-Class": "Mercedes-Benz", "IS": "Lexus", "DS7": "DS", "GLK-Class": "Mercedes-Benz", "Talisman": "Renault", "California": "Volkswagen", "S90": "Volvo", "Korando": "Ssangyong", "8 Series": "BMW", "Grand Vitara": "Suzuki", "V90": "Volvo", "Tivoli": "Ssangyong", "Prius": "Toyota", "Terracan": "Hyundai", "S80": "Volvo", "XC40": "Volvo", "Cordoba": "Seat", "I55": "Hyundai", "Thesis": "Lancia", "Soul": "Kia", "Kalos": "Daewoo", "C30": "Volvo", "Galaxy": "Ford", "Pathfinder": "Nissan", "Almera": "Nissan", "FR-V": "Honda", "406": "Peugeot", "Z4": "BMW", "Sandero": "Dacia", "RX-8": "Mazda", "Ypsilon": "Lancia", "Getz": "Hyundai", "V50": "Volvo", "Explorer": "Ford", "Combo": "Opel", "Caliber": "Dodge", "XC70": "Volvo", "Matiz": "Chevrolet", "FX": "Infiniti", "Bora": "Volkswagen", "Tacuma": "Daewoo", "Ranger": "Ford", "1 Series": "BMW", "Laguna": "Renault", "Bls": "Cadillac", "Nv": "Nissan", "Quattroporte": "Maserati", "323": "Mazda", "Q70": "Infiniti", "Nubira": "Daewoo", "Viano": "Mercedes-Benz", "E-Pace": "Jaguar", "Karl": "Opel", "Q8": "Audi", "F8 Tributo": "Ferrari", "911 Gt2": "Porsche", "Terrano": "Nissan", "Elysee": "Citroen", "R-Class": "Mercedes-Benz", "CLK-Class": "Mercedes-Benz", "Supra": "Toyota", "Cee'D": "Kia", "Lodgy": "Dacia", "XV": "Subaru", "DS3": "Citroen", "Outback": "Subaru", "Grancabrio": "Maserati", "Ghibli": "Maserati", "Forester": "Subaru", "Stelvio": "Alfa Romeo", "Ignis": "Suzuki", "Giulia": "Alfa Romeo", "Colt": "Mitsubishi", "Journey": "Dodge", "GS": "Lexus", "Vivaro": "Opel", "EQC": "Mercedes-Benz", "Voyager": "Chrysler", "Mustang": "Ford", "Q50": "Infiniti", "Active Tourer": "BMW", "G-Class": "Mercedes-Benz", "Traveller": "Peugeot", "M4": "BMW", "Continental Gt": "Bentley", "M2": "BMW", "L200": "Mitsubishi", "Cascada": "Opel", "Sx4": "Suzuki", "SQ2": "Audi", "Cube": "Nissan", "Taycan": "Porsche", "Lupo": "Volkswagen", "E-Tron": "Audi", "Navara": "Nissan", "Agila": "Opel", "Expert": "Peugeot", "Evasion": "Citroen", "Bravo": "Fiat", "Boxer": "Peugeot", "Atos": "Hyundai", "200": "Mercedes-Benz", "S5": "Audi", "Accent": "Hyundai", "Escalade": "Cadillac", "MX-30": "Mazda", "45": "Rover", "Panorama": "Fiat", "Daily": "Iveco", "A2": "Audi", "488 Gtb": "Ferrari", "Epica": "Chevrolet", "220": "Mercedes-Benz", "Exceed": "Galloper", "DS4": "Citroen", "Pt Cruiser": "Chrysler", "718": "Porsche", "911 Gt3": "Porsche", "458 Spider": "Ferrari", "Punto": "Fiat", "X7": "BMW", "Granturismo": "Maserati", "Bipper": "Peugeot", "Vito": "Mercedes-Benz", "Enyaq": "Skoda", "180": "Mercedes-Benz", "9-3": "Saab", "Highlander": "Toyota", "ES": "Lexus", "Delta": "Lancia", "LC": "Lexus", "Hilux": "Toyota", "Camry": "Toyota", "C4 Grand": "Citroen", "ML 250": "Mercedes-Benz", "Baleno": "Suzuki", "CLC 180": "Mercedes-Benz", "Xsara": "Citroen", "Ix35": "Hyundai", "B-Class": "Mercedes-Benz", "Saxo": "Citroen", "1.6 BlueHDi": "DS", "T6": "Volkswagen", "911 Carrera": "Porsche", "Q30": "Infiniti", "CLA-Class": "Mercedes-Benz", "FX37": "Infiniti", "LTZ 1.4T": "Chevrolet", "ProCee'D": "Kia", "Mini": "Mini", "Actyon 200": "Ssangyong", "M": "Mercedes-Benz", "Crossback": "DS", "M-Class": "Mercedes-Benz", "CLK 220": "Mercedes-Benz", "Combi": "Citroen", "107": "Peugeot", "Mazda2": "Mazda", "S": "Mercedes-Benz", "Tourer": "BMW", "Connect": "Ford", "Verso": "Toyota", "NV200": "Nissan", "Note": "Nissan", "Country": "Volvo", "Mazda3": "Mazda", "Mazda6": "Mazda", "GLC": "Mercedes-Benz", "Courier": "Ford", "E": "Mercedes-Benz", "Trax": "Chevrolet", "Picasso": "Citroen", "X": "Opel", "XLV": "Ssangyong", "Mazda5": "Mazda", "Aircross": "Citroen", "Genesis": "Hyundai", "Cactus": "Citroen", "GLE": "Mercedes-Benz", "Qubo": "Fiat", "Q60": "Infiniti", "Spacetourer": "Citroen", "Cross": "Mitsubishi", "Sportsvan": "Volkswagen", "Unlimited": "Jeep", "Quattro": "Audi", "XAD": "Peugeot", "Fe": "Hyundai", "S-Cross": "Suzuki", "SLK": "Mercedes-Benz", "Camaro": "Chevrolet", "316": "BMW", "Life": "Opel", "Plus": "Volkswagen", "Custom": "Ford", "Rover": "Land Rover", "II": "Ssangyong", "NV400": "Nissan", "Multivan": "Volkswagen", "GLK": "Mercedes-Benz", "Spaceback": "Skoda", "EVALIA": "Nissan", "EX": "Infiniti", "530": "BMW", "Scout": "Skoda", "Ampera": "Opel", "XL": "Seat", "Lancer": "Mitsubishi", "SL": "Mercedes-Benz", "EV": "Kia", "Phedra": "Lancia", "+": "Peugeot", "Turbo": "Bentley", "NV250": "Nissan", "III": "Renault", "520": "BMW", "Cruiser": "Toyota", "Volt": "Chevrolet", "GLB": "Mercedes-Benz", "Allspace": "Volkswagen", "Scudo": "Fiat", "GTC": "Opel", "PHEV": "Kia", "e-C4": "Citroen", "Caravelle": "Volkswagen", "Hybrid": "Peugeot", "Active": "Hyundai", "GLS": "Mercedes-Benz", "S3": "Audi", "Cargo": "Fiat", "V": "Mercedes-Benz", "RS6": "Audi", "Twizy": "Renault", "Freetrack": "Seat", "Commander": "Jeep", "R": "Mercedes-Benz", "Ducato": "Fiat", "Stinger": "Kia", "Thema": "Lancia", "Tigra": "Opel", "Sprinter": "Mercedes-Benz"}