{"Ford": "Focus", "Citroen": "C3", "Fiat": "500", "Skoda": "Fabia", "Peugeot": "3008", "Seat": "Leon", "Volkswagen": "Golf", "Nissan": "Qashqai", "Mitsubishi": "ASX", "Opel": "Astra", "Hyundai": "Tucson", "Smart": "ForTwo", "Audi": "A1", "Renault": "Clio", "Alfa Romeo": "Giulietta", "Kia": "Sportage", "DS": "3 Series", "Dacia": "Duster", "Suzuki": "Vitara", "Toyota": "Auris", "BMW": "3 Series", "Honda": "Civic", "Mazda": "CX-5", "Mini": "Countryman Cooper", "Mercedes-Benz": "A", "Lexus": "NX", "Jaguar": "F-Pace", "Cupra": "Formentor", "Abarth": "500", "Jeep": "Compass", "Volvo": "XC60", "Porsche": "Cayenne", "Subaru": "XV", "Chevrolet": "Cruze", "Land Rover": "Evoque", "Chrysler": "Voyager", "Ssangyong": "Tivoli", "Maybach": "62", "Maserati": "Levante", "Cadillac": "Escalade", "Ferrari": "California", "Lancia": "Ypsilon", "Dodge": "Caliber", "Infiniti": "Q50", "Daewoo": "Tacuma", "Bentley": "Continental Gt", "Rover": "45", "Iveco": "Daily", "Galloper": "Exceed", "Saab": "9-3", "Tesla": "3 Series"}