{"A4 2.0": "A4", "A4 2.5": "A4", "A4 Allroad": "A4", "A1 1.0": "A1", "A3 1.6": "A3", "A3 Sportback": "A3", "ROMEO Giulia": "Giulia", "Stelvio 2.2": "Stelvio", "MiTo 1.3": "Mito", "Romeo MiTo": "Mito", "Giulia 2,2": "Giulia", "Giulietta 1,6": "Giulietta", "500c": "500", "500C": "500", "Q3 2.0": "Q3", "Q5 2.0": "Q5", "Q7 3.0": "Q7", "Q2 1.5": "Q2", "Q2 1.6": "Q2", "A6 1.8": "A6", "A6 Allroad": "A6", "A5 2.0": "A5", "A5 Sportback": "A5", "Serie 1": "1 Series", "Serie 2": "2 Series", "Serie 3": "3 Series", "Serie 4": "4 Series", "Serie 5": "5 Series", "1": "1 Series", "2": "2 Series", "3": "3 Series", "4": "4 Series", "5": "5 Series", "6": "6 Series", "7": "7 Series", "S5 3.0": "S5", "Sq5": "SQ5", "Sq2": "SQ2", "Tt": "TT", "quattro": "Quattro", "X1 SDrive": "X1", "X1 SDrive16d": "X1", "X1 SDrive18d": "X1", "X2 SDrive18d": "X2", "X2 SDrive28i": "X2", "X3 SDrive": "X3", "X3m": "X3", "X4 XDrive": "X4", "X4m": "X4", "X5 XDrive25d": "X5", "X5m": "X5", "X6 XDrive": "X6", "X6m": "X6", "Aveo 5p": "Aveo", "Aveo Sedan": "Aveo", "Grand Voyager": "Voyager", "Berlingo 1.6": "Berlingo", "C-Elysee 1.2": "C-Elysee", "C3 1.4": "C3", "C4 1.2": "C4", "C4 1.6": "C4", "C4 Grand Picasso": "C4 Picasso", "C4 Grand Spacetourer": "C4 Spacetourer", "C5 1.6": "C5", "C5 2.0": "C5", "C5 2.0i": "C5", "Ds5": "DS5", "Grand C4": "C4 Grand", "Xsara 1.8": "Xsara", "Xsara Picasso": "Xsara", "5 2.0": "5 Series", "Automobiles DS 3": "3 Series", "Automobiles DS 4": "4 Series", "Crossback 1.5": "Crossback", "DS5": "5 Series", "DS5 Hybrid4": "DS5", "Ds 3 Crossback": "DS3", "Ds 7 Crossback": "DS7", "Ds3": "DS3", "Ds4": "DS4", "Duster 1.5": "Duster", "Duster II": "Duster", "Sandero 1.5": "Sandero", "Sandero 1.6": "Sandero", "500 X": "500X", "500X 1.6": "500X", "500X Pop": "500X", "Doblo II": "Doblo", "Punto 1.3": "Punto", "Punto Evo": "Punto", "Tipo 1.4": "Tipo", "Tipo II": "Tipo", "B-MAX": "B-Max", "C-Max 1.0": "C-Max", "C-Max 1.5": "C-Max", "C-Max 1.8": "C-Max", "C-Max 2.0": "C-Max", "EcoSport 1.0": "EcoSport", "EcoSport 1.5": "EcoSport", "Fiesta 1.25": "Fiesta", "Focus 1.0": "Focus", "Focus 1.5": "Focus", "Galaxy 1.9": "Galaxy", "Ka 1.2": "Ka", "Ka+": "Ka", "Ka+ 1.2": "Ka", "Kuga 1.5": "Kuga", "Mondeo 1.5": "Mondeo", "Mondeo 2.0": "Mondeo", "S-Max 2.0": "S-Max", "Transit Courier": "Transit", "Civic Sedan": "Civic", "Tourneo Connect": "Tourneo", "Tourneo Courier": "Tourneo", "Cr-V": "CR-V", "Fr-V": "FR-V", "Hr-V": "HR-V", "I20 1.4": "I20", "I30 1.0": "I30", "I30 Fastback": "I30", "Ix35 1.7": "Ix35", "Ix35Essence 1.6": "Ix35", "KONA": "Kona", "Kona 1.0": "Kona", "Tucson 1.6": "Tucson", "Tucson 1.7": "Tucson", "FX37 AWD": "FX37", "FX37": "FX", "Fx": "FX", "M30d GT": "M", "Q30 2.2d": "Q30", "Q50 2.2d": "Q50", "QX30": "Q30", "QX30 2.2d": "Q30", "QX50": "Q50", "QX50 3.7": "Q50", "QX70": "Q70", "Qx50": "Q50", "Qx70": "Q70", "E-Pace 2.0D": "E-Pace", "F-Pace 2.0L": "F-Pace", "F-Pace 20d": "F-Pace", "XE 2.0D": "XE", "XE 20d": "XE", "Xe": "XE", "Xf": "XF", "Xj": "XJ", "Xk": "XK", "Renegade 1,6": "Renegade", "Carens 1.6": "Carens", "Carens 1.7": "Carens", "Carens 2.0": "Carens", "Cee'D SW": "Cee'D", "Cee'D 1.6": "Cee'D", "Niro 1.6": "Niro", "Picanto 1.0": "Picanto", "ProCee'D 1.6": "ProCee'D", "Ceed": "Cee'D", "ProCeed": "ProCee'D", "Pro_Cee'D 1.6": "ProCee'D", "Sorento 2.2": "Sorento", "Sportage 1.6": "Sportage", "Sportage 1.7": "Sportage", "Stonic 1.0": "Stonic", "Xceed": "XCeed", "Xceed 1.4": "XCeed", "cee'd": "Cee'd", "stonic": "Stonic", "xceed": "XCeed", "Range Evoque": "Evoque", "Range Rover Sport": "Sport", "Sport 2.0": "Sport", "CT 200h": "CT", "Ct": "CT", "IS300": "IS", "Is": "IS", "NX 300": "NX", "NX 300h": "NX", "Nx": "NX", "RX 300": "RX", "Rc": "RC", "Rx": "RX", "Ecosport": "EcoSport", "IONIQ": "Ioniq", "Ix20": "I20", "Ix35": "I35", "Ix55": "I55", "i10": "I10", "i20": "I20", "i30": "I30", "i40": "I40", "ix20": "I20", "ix35": "I35", "ix55": "I55", "Cj5": "CJ5", "Cee'd": "Cee'D", "Es": "ES", "Gs": "GS", "Lc": "LC", "Ls": "LS", "Ux": "UX", "3 1.6": "3 Series", "5 1.8": "5 Series", "CX-3 1.8": "CX-3", "CX-5 2.0": "CX-5", "CX-5 2.2": "CX-5", "CX-7 2.2": "CX-7", "Cx-3": "CX-3", "Cx-30": "CX-3", "Cx-5": "CX-5", "Cx-7": "CX-7", "Mazda2 1.4": "Mazda2", "Mx-30": "MX-30", "Mx-5 Miata": "MX-5", "Rx-8": "RX-8", "A 180": "A", "A 200": "A", "AMG GT": "AMG", "B 180": "B", "B 200": "B", "B 250": "B", "B-Class": "B", "C 200": "C", "C 220": "C", "CL": "CLA", "CLA 180": "CLA", "CLA 180CDI": "CLA", "CLA 200": "CLA", "CLA 220": "CLA", "CLS 350": "CLS", "Clase C": "C-Class", "Clase B": "B-Class", "Clase A": "A-Class", "Clase CLA": "CLA-Class", "Clase E": "E-Class", "Clase GLA": "GLA-Class", "Clase GLC": "GLC-Class", "Clase GLE": "GLE-Class", "Clase M": "M-Class", "Clk-Class": "CLK-Class", "Cls-Class": "GLS-Class", "Eqc": "EQC", "GLA 220": "GLA", "Gl-Class": "GL-Class", "Gla-Class": "GLA-Class", "Glc-Class": "GLC-Class", "Gle-Class": "GLE-Class", "Glk-Class": "GLK-Class", "Gls-Class": "GLS-Class", "Ml-Class": "ML-Class", "Sl-Class": "SL-Class", "Slk-Class": "SLK-Class", "Viano 2.2": "Viano", "CLUBMAN": "Clubman Cooper", "CLUBMAN Cooper": "Clubman Cooper", "COOPER": "Cooper", "COOPER_CLUBMAN": "Clubman Cooper", "COOPER_COUNTRYMAN": "Countryman Cooper", "COUNTRYMAN Cooper": "Countryman Cooper", "COUNTRYMAN One": "Countryman Cooper", "Clubman": "Clubman Cooper", "Countryman": "Countryman Cooper", "JOHN_COOPER_WORKS": "John Cooper Works", "Mini Cooper": "Mini", "Mini One": "Mini", "ONE": "One", "ONE 5 puertas": "One", "ASX 160": "ASX", "Asx": "ASX", "Outlander 2.0": "Outlander", "Outlander 200": "Outlander", "Star": "Space Star", "JUKE": "Juke", "LEAF": "Leaf", "Leaf Acenta": "Leaf", "Micra By": "Micra", "PULSAR": "Pulsar", "Qashqai I": "Qashqai", "Qashqai+2": "Qashqai", "Terrano Ii": "Terrano", "X-Trail III": "X-Trail", "Astra 1.4": "Astra", "Astra 1.7": "Astra", "Astra 101": "Astra", "Astra CDTi": "Astra", "Astra Coupe": "Astra", "Astra GTC": "Astra", "Astra J": "Astra", "Combo Cargo": "Combo", "Corsa 1.4": "Corsa", "Corsa D": "Corsa", "Corsa-e": "Corsa", "Insignia 1.4": "Insignia", "Insignia 1.6": "Insignia", "Insignia 1.8": "Insignia", "Insignia 2.0": "Insignia", "Insignia ST": "Insignia", "Tour": "Tourer", "Zafira 1.7": "Zafira", "Zafira 2.0": "Zafira", "Zafira B": "Zafira", "Zafira Tourer": "Zafira", "1007": "107", "107 1.0": "107", "207 1.4": "207", "207 Cc": "207", "208 1.2": "208", "3008 1.2": "3008", "3008 1.5": "3008", "3008 1.6": "3008", "307 1.6": "307", "307 SW": "307", "308 1.5": "308", "308 1.6": "308", "308 2.0": "308", "308 Cc": "308", "308 SW": "308", "308cc 1.6": "308", "5008 1.2": "5008", "5008 1.6": "5008", "508 1.6": "508", "508 2.0": "508", "Boxer 333": "Boxer", "Rcz": "RCZ", "ion": "iOn", "Panamera 3.6": "Panamera", "Captur 1.3": "Captur", "Clio DCi": "Clio", "Clio IV": "Clio", "Espace 1.6": "Espace", "Fluence 1.5": "Fluence", "Fluence Dynamique": "Fluence", "Kadjar 1.5": "Kadjar", "Kadjar 1.6": "Kadjar", "Kadjar TCe": "Kadjar", "Kangoo 1.5": "Kangoo", "Kangoo Profesional": "Kangoo", "Koleos 2.0": "Koleos", "Megane 1.2": "Megane", "Megane DCi": "Megane", "Megane III": "Megane", "Megane IV": "Megane", "Megane ST": "Megane", "Megane Sedan": "Megane", "Scenic 1.5": "Scenic", "Talisman Grandtour": "Talisman", "Z.E.": "ZOE", "Zoe": "ZOE", "Zoe Intens": "ZOE", "Zoe Star": "ZOE", "Alhambra 1.9TDI": "Alhambra", "Altea Xl": "Altea", "Arona 1.6": "Arona", "Ateca 1.4": "Ateca", "Cordoba 1.9": "Cordoba", "Ibiza 1.2": "Ibiza", "Ibiza 1.6": "Ibiza", "Ibiza 1.9": "Ibiza", "Leon 1.6": "Leon", "Leon 2.0": "Leon", "Leon Sc": "Leon", "Fabia 1.0": "Fabia", "Fabia 1.2": "Fabia", "Fabia 1.6": "Fabia", "Karoq 1.5": "Karoq", "Kodiaq 2.0": "Kodiaq", "Octavia 1.0": "Octavia", "Superb 2.0": "Superb", "Forfour": "ForFour", "Fortwo": "ForTwo", "Fortwo Coupe": "ForTwo", "Kyron 200": "Kyron", "REXTON": "Rexton", "XV 2.0D": "XV", "Xv": "XV", "Baleno 1.2": "Baleno", "Auris 1.8": "Auris", "Auris Touring Sports": "Auris", "Avensis 1.8": "Avensis", "Aygo 70": "Aygo", "C-Hr": "C-HR", "Prius+": "Prius", "Proace Verso": "Proace", "Yaris 1.0": "Yaris", "Yaris 1.5": "Yaris", "Yaris 90D": "Yaris", "Arteon 1.5": "Arteon", "Arteon 2.0": "Arteon", "Beetle 1.9": "Beetle", "CC 2.0": "CC", "Caddy 1.6": "Caddy", "Caddy 2.0": "Caddy", "Eos 2.0": "Eos", "Golf Plus": "Golf", "Golf Sportsvan": "Golf", "Golf VI": "Golf", "Golf VII": "Golf", "Golf Variant": "Golf", "Jetta 1.6": "Jetta", "Passat 1.4": "Passat", "Passat 1.9": "Passat", "Passat Alltrack": "Passat", "Passat Bluemotion": "Passat", "Passat Variant": "Passat", "Polo 1.4": "Polo", "Polo 50": "Polo", "Scirocco 1.4": "Scirocco", "Sharan TDI": "Sharan", "T-Cross 1.0": "T-Cross", "T6 2.0": "T6", "T6.1 2.0": "T6", "Tiguan 1.4": "Tiguan", "Tiguan 1.5": "Tiguan", "Tiguan 2.0": "Tiguan", "Tiguan T1": "Tiguan", "Touran 1.6": "Touran", "up!": "up", "V 40": "V40", "V 50": "V50", "V40 Kinetic": "V40", "V60 D2": "V60", "V90 D3": "V90", "XC60 D4": "XC60", "Xc60": "XC60", "Xc70": "XC70", "Xc90": "XC90", "Xc40": "XC40", "i3": "I3", "C4 HDi": "C4", "Combi 1.6": "Combi", "Saxo 1.5": "Saxo", "Grand C-Max": "C-Max", "BAYON": "Bayon", "e-Niro": "Niro", "Cl-Class": "CL-Class", "Ion": "iOn", "Cc": "CC", "E-Golf": "Golf"}