{
"meta":{"test_sets":["test"],"test_metrics":[{"best_value":"Min","name":"Quantile:alpha=0.95"}],"learn_metrics":[{"best_value":"Min","name":"Quantile:alpha=0.95"}],"launch_mode":"Train","parameters":"","iteration_count":10000,"learn_sets":["learn"],"name":"experiment"},
"iterations":[
{"learn":[1789.166327],"iteration":0,"passed_time":0.06538279563,"remaining_time":653.7625735,"test":[1845.566819]},
{"learn":[1728.044318],"iteration":1,"passed_time":0.1326708865,"remaining_time":663.2217618,"test":[1783.846887]},
{"learn":[1669.041864],"iteration":2,"passed_time":0.1822825513,"remaining_time":607.4262217,"test":[1723.975359]},
{"learn":[1610.400537],"iteration":3,"passed_time":0.2306939236,"remaining_time":576.5041151,"test":[1665.784322]},
{"learn":[1575.187565],"iteration":4,"passed_time":0.2801985163,"remaining_time":560.1168342,"test":[1629.768834]},
{"learn":[1533.641816],"iteration":5,"passed_time":0.3581077101,"remaining_time":596.4880758,"test":[1590.076736]},
{"learn":[1498.55862],"iteration":6,"passed_time":0.4330465314,"remaining_time":618.2048555,"test":[1553.976857]},
{"learn":[1462.560677],"iteration":7,"passed_time":0.5455131953,"remaining_time":681.3459809,"test":[1517.623217]},
{"learn":[1425.149301],"iteration":8,"passed_time":0.6337872867,"remaining_time":703.574309,"test":[1477.808162]},
{"learn":[1385.931719],"iteration":9,"passed_time":0.7091600469,"remaining_time":708.4508868,"test":[1433.004149]},
{"learn":[1347.067378],"iteration":10,"passed_time":0.796539381,"remaining_time":723.3301706,"test":[1388.823316]},
{"learn":[1318.222435],"iteration":11,"passed_time":0.8811241705,"remaining_time":733.3890179,"test":[1357.6172]},
{"learn":[1290.852719],"iteration":12,"passed_time":0.9632449324,"remaining_time":739.9943954,"test":[1327.663358]},
{"learn":[1264.749095],"iteration":13,"passed_time":1.043424239,"remaining_time":744.2596035,"test":[1300.17029]},
{"learn":[1239.134816],"iteration":14,"passed_time":1.119260004,"remaining_time":745.0540762,"test":[1271.248537]},
{"learn":[1212.10833],"iteration":15,"passed_time":1.206905938,"remaining_time":753.1093051,"test":[1243.299078]},
{"learn":[1189.565617],"iteration":16,"passed_time":1.293444266,"remaining_time":759.5561242,"test":[1217.442182]},
{"learn":[1166.459597],"iteration":17,"passed_time":1.37457413,"remaining_time":762.2777202,"test":[1192.690526]},
{"learn":[1141.70909],"iteration":18,"passed_time":1.444971851,"remaining_time":759.0665285,"test":[1165.023751]},
{"learn":[1118.78266],"iteration":19,"passed_time":1.495673359,"remaining_time":746.341006,"test":[1140.084519]},
{"learn":[1096.657121],"iteration":20,"passed_time":1.5623519,"remaining_time":742.4147432,"test":[1116.299711]},
{"learn":[1076.501303],"iteration":21,"passed_time":1.611599066,"remaining_time":730.9334308,"test":[1094.946294]},
{"learn":[1057.870014],"iteration":22,"passed_time":1.660708871,"remaining_time":720.3866263,"test":[1077.171893]},
{"learn":[1038.294326],"iteration":23,"passed_time":1.707075748,"remaining_time":709.5744859,"test":[1056.186725]},
{"learn":[1022.736602],"iteration":24,"passed_time":1.758031307,"remaining_time":701.4544916,"test":[1040.526821]},
{"learn":[1005.968123],"iteration":25,"passed_time":1.818697039,"remaining_time":697.6801641,"test":[1021.224532]},
{"learn":[988.9329228],"iteration":26,"passed_time":1.876152695,"remaining_time":692.9952158,"test":[1004.640173]},
{"learn":[977.9207473],"iteration":27,"passed_time":1.941233269,"remaining_time":691.3563627,"test":[993.7732696]},
{"learn":[965.1860912],"iteration":28,"passed_time":2.011605781,"remaining_time":691.6455602,"test":[979.4324135]},
{"learn":[952.6747502],"iteration":29,"passed_time":2.079347509,"remaining_time":691.0364888,"test":[964.0486231]},
{"learn":[941.134047],"iteration":30,"passed_time":2.161752105,"remaining_time":695.1776366,"test":[954.5249518]},
{"learn":[930.115428],"iteration":31,"passed_time":2.226330788,"remaining_time":693.5020406,"test":[941.6568125]},
{"learn":[918.9678858],"iteration":32,"passed_time":2.293411394,"remaining_time":692.6797383,"test":[929.993217]},
{"learn":[907.7978996],"iteration":33,"passed_time":2.381703223,"remaining_time":698.1192448,"test":[917.5605116]},
{"learn":[896.6706828],"iteration":34,"passed_time":2.459857964,"remaining_time":700.3567032,"test":[903.9826556]},
{"learn":[886.897285],"iteration":35,"passed_time":2.53322657,"remaining_time":701.1408206,"test":[893.9984101]},
{"learn":[875.7230294],"iteration":36,"passed_time":2.599144661,"remaining_time":699.8723854,"test":[883.7663424]},
{"learn":[866.5764082],"iteration":37,"passed_time":2.672670191,"remaining_time":700.6615906,"test":[876.8688473]},
{"learn":[858.5837548],"iteration":38,"passed_time":2.743805716,"remaining_time":700.7961215,"test":[868.7607928]},
{"learn":[850.4477563],"iteration":39,"passed_time":2.814555167,"remaining_time":700.8242367,"test":[858.0750344]},
{"learn":[840.7618263],"iteration":40,"passed_time":2.882647902,"remaining_time":700.2022062,"test":[849.8442739]},
{"learn":[831.6071723],"iteration":41,"passed_time":2.953711071,"remaining_time":700.3108296,"test":[840.5946162]},
{"learn":[823.7074953],"iteration":42,"passed_time":3.039187399,"remaining_time":703.7485799,"test":[833.3158401]},
{"learn":[812.9524611],"iteration":43,"passed_time":3.124719407,"remaining_time":707.0387821,"test":[823.2331021]},
{"learn":[803.5049075],"iteration":44,"passed_time":3.191996731,"remaining_time":706.1406101,"test":[814.9361014]},
{"learn":[796.815009],"iteration":45,"passed_time":3.255130273,"remaining_time":704.3818857,"test":[807.9397757]},
{"learn":[790.8800621],"iteration":46,"passed_time":3.34238331,"remaining_time":707.8030018,"test":[799.7704668]},
{"learn":[782.276775],"iteration":47,"passed_time":3.411321845,"remaining_time":707.2807291,"test":[788.0841649]},
{"learn":[774.1990363],"iteration":48,"passed_time":3.478838949,"remaining_time":706.4882934,"test":[781.8968661]},
{"learn":[767.9416247],"iteration":49,"passed_time":3.546323624,"remaining_time":705.7184011,"test":[776.7575585]},
{"learn":[760.5512046],"iteration":50,"passed_time":3.611974319,"remaining_time":704.6182844,"test":[769.2628909]},
{"learn":[754.303675],"iteration":51,"passed_time":3.711513498,"remaining_time":710.0410823,"test":[763.4481934]},
{"learn":[749.5213349],"iteration":52,"passed_time":3.777204603,"remaining_time":708.9029092,"test":[759.2458585]},
{"learn":[743.5972008],"iteration":53,"passed_time":3.847634859,"remaining_time":708.6773391,"test":[752.2459041]},
{"learn":[738.0170652],"iteration":54,"passed_time":3.926147482,"remaining_time":709.9188492,"test":[746.7737497]},
{"learn":[731.9817049],"iteration":55,"passed_time":4.005404206,"remaining_time":711.2453469,"test":[739.5596132]},
{"learn":[727.0895509],"iteration":56,"passed_time":4.071632743,"remaining_time":710.2499011,"test":[734.7539427]},
{"learn":[721.4983593],"iteration":57,"passed_time":4.141389661,"remaining_time":709.8913105,"test":[730.1675062]},
{"learn":[717.3165644],"iteration":58,"passed_time":4.210492181,"remaining_time":709.4322503,"test":[725.6730273]},
{"learn":[712.5412151],"iteration":59,"passed_time":4.279467347,"remaining_time":708.9650904,"test":[720.1408029]},
{"learn":[708.6540144],"iteration":60,"passed_time":4.350821669,"remaining_time":708.8986323,"test":[716.5363657]},
{"learn":[703.9900515],"iteration":61,"passed_time":4.388020742,"remaining_time":703.3572602,"test":[711.8208106]},
{"learn":[700.3007993],"iteration":62,"passed_time":4.431950047,"remaining_time":699.0521844,"test":[708.1937656]},
{"learn":[696.8682564],"iteration":63,"passed_time":4.500777214,"remaining_time":698.7456624,"test":[704.776871]},
{"learn":[692.9816508],"iteration":64,"passed_time":4.560098669,"remaining_time":696.9935427,"test":[701.99321]},
{"learn":[688.8934577],"iteration":65,"passed_time":4.617762425,"remaining_time":695.0432111,"test":[697.8419524]},
{"learn":[684.1606675],"iteration":66,"passed_time":4.704086738,"remaining_time":697.3984115,"test":[693.1970645]},
{"learn":[680.3796996],"iteration":67,"passed_time":4.768870508,"remaining_time":696.535616,"test":[689.8864634]},
{"learn":[676.6840993],"iteration":68,"passed_time":4.845293781,"remaining_time":697.3711962,"test":[686.2773756]},
{"learn":[672.0072365],"iteration":69,"passed_time":4.915325668,"remaining_time":697.2740555,"test":[681.6446595]},
{"learn":[667.5475434],"iteration":70,"passed_time":4.96292424,"remaining_time":694.0404898,"test":[678.8658951]},
{"learn":[663.991513],"iteration":71,"passed_time":5.012112964,"remaining_time":691.1146876,"test":[676.360536]},
{"learn":[660.2699527],"iteration":72,"passed_time":5.063043539,"remaining_time":688.5045645,"test":[672.6434951]},
{"learn":[656.7691383],"iteration":73,"passed_time":5.113032027,"remaining_time":685.8372419,"test":[669.8966512]},
{"learn":[653.7865588],"iteration":74,"passed_time":5.160131573,"remaining_time":682.8574115,"test":[667.5810788]},
{"learn":[651.3674393],"iteration":75,"passed_time":5.20592122,"remaining_time":679.783713,"test":[665.1157015]},
{"learn":[647.9780126],"iteration":76,"passed_time":5.283394405,"remaining_time":680.8717231,"test":[661.3683279]},
{"learn":[644.4767643],"iteration":77,"passed_time":5.352048245,"remaining_time":680.8079831,"test":[657.5639312]},
{"learn":[641.3770622],"iteration":78,"passed_time":5.42559436,"remaining_time":681.3585019,"test":[654.5761196]},
{"learn":[637.2588721],"iteration":79,"passed_time":5.48926081,"remaining_time":680.6683404,"test":[652.2837302]},
{"learn":[633.7806234],"iteration":80,"passed_time":5.534341834,"remaining_time":677.7177364,"test":[648.9983536]},
{"learn":[631.1668517],"iteration":81,"passed_time":5.611492934,"remaining_time":678.7169136,"test":[646.9001804]},
{"learn":[628.1213831],"iteration":82,"passed_time":5.685627721,"remaining_time":679.3297604,"test":[644.2011254]},
{"learn":[624.6068736],"iteration":83,"passed_time":5.736211528,"remaining_time":677.1461132,"test":[639.9323249]},
{"learn":[622.478078],"iteration":84,"passed_time":5.778546361,"remaining_time":674.0504373,"test":[638.3782133]},
{"learn":[619.8309806],"iteration":85,"passed_time":5.826038495,"remaining_time":671.6202981,"test":[636.8017507]},
{"learn":[617.1222993],"iteration":86,"passed_time":5.897515065,"remaining_time":671.9777798,"test":[634.265783]},
{"learn":[614.7414728],"iteration":87,"passed_time":5.950314207,"remaining_time":670.2217547,"test":[631.8580165]},
{"learn":[612.2328677],"iteration":88,"passed_time":6.004361498,"remaining_time":668.6429979,"test":[629.2966519]},
{"learn":[610.7905399],"iteration":89,"passed_time":6.056314803,"remaining_time":666.8675522,"test":[628.4203337]},
{"learn":[607.9120223],"iteration":90,"passed_time":6.110647637,"remaining_time":665.3890927,"test":[625.8613802]},
{"learn":[607.2155543],"iteration":91,"passed_time":6.122621486,"remaining_time":659.379714,"test":[625.5626537]},
{"learn":[605.4219685],"iteration":92,"passed_time":6.179156143,"remaining_time":658.2462356,"test":[624.107685]},
{"learn":[603.4610633],"iteration":93,"passed_time":6.252820464,"remaining_time":658.940846,"test":[622.5473155]},
{"learn":[601.2305312],"iteration":94,"passed_time":6.349817761,"remaining_time":662.0520518,"test":[620.2453823]},
{"learn":[598.6715147],"iteration":95,"passed_time":6.421408998,"remaining_time":662.4753617,"test":[617.7004829]},
{"learn":[597.2015372],"iteration":96,"passed_time":6.482021056,"remaining_time":661.7675723,"test":[616.4376143]},
{"learn":[595.188153],"iteration":97,"passed_time":6.52346134,"remaining_time":659.1358591,"test":[614.807938]},
{"learn":[593.2379458],"iteration":98,"passed_time":6.567157202,"remaining_time":656.7820551,"test":[612.6645814]},
{"learn":[591.2306659],"iteration":99,"passed_time":6.609165431,"remaining_time":654.3073777,"test":[611.1757752]},
{"learn":[588.4478578],"iteration":100,"passed_time":6.662227264,"remaining_time":652.9642345,"test":[609.3777884]},
{"learn":[586.5361556],"iteration":101,"passed_time":6.710422621,"remaining_time":651.1741481,"test":[607.5131174]},
{"learn":[584.6720044],"iteration":102,"passed_time":6.780781205,"remaining_time":651.5474912,"test":[605.7023499]},
{"learn":[582.7272412],"iteration":103,"passed_time":6.843214371,"remaining_time":651.1581675,"test":[604.1812998]},
{"learn":[581.1856859],"iteration":104,"passed_time":6.892073004,"remaining_time":649.4958322,"test":[603.026838]},
{"learn":[579.5444679],"iteration":105,"passed_time":6.934040528,"remaining_time":647.2207263,"test":[601.4738267]},
{"learn":[577.5001099],"iteration":106,"passed_time":6.995425578,"remaining_time":646.7826659,"test":[599.1174854]},
{"learn":[574.7494523],"iteration":107,"passed_time":7.066297946,"remaining_time":647.2205489,"test":[597.2882096]},
{"learn":[572.9232454],"iteration":108,"passed_time":7.137115137,"remaining_time":647.6440901,"test":[595.735837]},
{"learn":[571.1099258],"iteration":109,"passed_time":7.209238913,"remaining_time":648.1761168,"test":[594.0553675]},
{"learn":[569.6195653],"iteration":110,"passed_time":7.277833858,"remaining_time":648.3828741,"test":[592.4540538]},
{"learn":[568.0991647],"iteration":111,"passed_time":7.356304587,"remaining_time":649.456605,"test":[591.7285706]},
{"learn":[566.5659623],"iteration":112,"passed_time":7.42724743,"remaining_time":649.8512862,"test":[590.7465609]},
{"learn":[565.3658525],"iteration":113,"passed_time":7.492741974,"remaining_time":649.765326,"test":[589.894826]},
{"learn":[563.1947568],"iteration":114,"passed_time":7.561744379,"remaining_time":649.9812451,"test":[587.6443639]},
{"learn":[561.9562343],"iteration":115,"passed_time":7.639440558,"remaining_time":650.9330213,"test":[586.3903686]},
{"learn":[560.104828],"iteration":116,"passed_time":7.703374683,"remaining_time":650.7047179,"test":[585.4684969]},
{"learn":[559.5872004],"iteration":117,"passed_time":7.727015293,"remaining_time":647.1047892,"test":[584.7686037]},
{"learn":[558.3163813],"iteration":118,"passed_time":7.795902234,"remaining_time":647.3219325,"test":[583.6778673]},
{"learn":[557.0419144],"iteration":119,"passed_time":7.860793677,"remaining_time":647.2053461,"test":[582.4595361]},
{"learn":[555.9635605],"iteration":120,"passed_time":7.946022838,"remaining_time":648.7500794,"test":[581.38136]},
{"learn":[554.1247617],"iteration":121,"passed_time":8.020506119,"remaining_time":649.3980282,"test":[580.1884591]},
{"learn":[552.5818394],"iteration":122,"passed_time":8.085957342,"remaining_time":649.3089485,"test":[578.5466237]},
{"learn":[551.3516417],"iteration":123,"passed_time":8.152143486,"remaining_time":649.2787828,"test":[577.4108257]},
{"learn":[549.5375221],"iteration":124,"passed_time":8.213737667,"remaining_time":648.8852757,"test":[576.5346695]},
{"learn":[548.1990748],"iteration":125,"passed_time":8.248249916,"remaining_time":646.3747593,"test":[575.0528752]},
{"learn":[546.1152672],"iteration":126,"passed_time":8.276143518,"remaining_time":643.3887004,"test":[574.7953758]},
{"learn":[544.7638939],"iteration":127,"passed_time":8.331781148,"remaining_time":642.5886211,"test":[573.3460439]},
{"learn":[543.7988649],"iteration":128,"passed_time":8.398210386,"remaining_time":642.6258505,"test":[572.6407541]},
{"learn":[542.2524125],"iteration":129,"passed_time":8.46865726,"remaining_time":642.9665166,"test":[571.5710044]},
{"learn":[541.287911],"iteration":130,"passed_time":8.554556071,"remaining_time":644.4649913,"test":[570.6967756]},
{"learn":[539.9756495],"iteration":131,"passed_time":8.619067349,"remaining_time":644.3405803,"test":[570.1941083]},
{"learn":[538.5646371],"iteration":132,"passed_time":8.689757776,"remaining_time":644.6754886,"test":[569.2031907]},
{"learn":[537.3889459],"iteration":133,"passed_time":8.759100392,"remaining_time":644.9051079,"test":[567.9278784]},
{"learn":[536.4502534],"iteration":134,"passed_time":8.8276917,"remaining_time":645.0753972,"test":[566.8739754]},
{"learn":[535.6306214],"iteration":135,"passed_time":8.899237517,"remaining_time":645.4564623,"test":[565.9898399]},
{"learn":[534.8270444],"iteration":136,"passed_time":8.987190198,"remaining_time":647.0120943,"test":[565.3609925]},
{"learn":[534.1939748],"iteration":137,"passed_time":9.051546048,"remaining_time":646.8575879,"test":[564.960924]},
{"learn":[533.1910656],"iteration":138,"passed_time":9.120126657,"remaining_time":647.0040933,"test":[564.4879101]},
{"learn":[532.4127134],"iteration":139,"passed_time":9.208308287,"remaining_time":648.5279979,"test":[564.2204495]},
{"learn":[531.4197977],"iteration":140,"passed_time":9.276208485,"remaining_time":648.6109181,"test":[563.3502498]},
{"learn":[530.1814458],"iteration":141,"passed_time":9.350357252,"remaining_time":649.1255055,"test":[562.5059733]},
{"learn":[528.7179009],"iteration":142,"passed_time":9.427512757,"remaining_time":649.8391136,"test":[561.8930423]},
{"learn":[527.9486586],"iteration":143,"passed_time":9.516070561,"remaining_time":651.3221628,"test":[561.4200122]},
{"learn":[527.0729315],"iteration":144,"passed_time":9.608824293,"remaining_time":653.0687131,"test":[560.7011268]},
{"learn":[526.2414507],"iteration":145,"passed_time":9.689570699,"remaining_time":653.9796553,"test":[560.0786003]},
{"learn":[525.3206954],"iteration":146,"passed_time":9.784624954,"remaining_time":655.8361202,"test":[559.3070072]},
{"learn":[524.4137905],"iteration":147,"passed_time":9.850856235,"remaining_time":655.747538,"test":[558.8371553]},
{"learn":[523.502205],"iteration":148,"passed_time":9.919424939,"remaining_time":655.8137924,"test":[557.8837359]},
{"learn":[522.6516845],"iteration":149,"passed_time":9.997732215,"remaining_time":656.5177488,"test":[556.9633794]},
{"learn":[521.6251052],"iteration":150,"passed_time":10.09782362,"remaining_time":658.6322171,"test":[556.4592333]},
{"learn":[520.4846179],"iteration":151,"passed_time":10.17817128,"remaining_time":659.4383606,"test":[555.9458506]},
{"learn":[519.6574671],"iteration":152,"passed_time":10.25371661,"remaining_time":659.9238396,"test":[555.0136389]},
{"learn":[518.3340109],"iteration":153,"passed_time":10.3213863,"remaining_time":659.8985031,"test":[553.9856504]},
{"learn":[517.4715946],"iteration":154,"passed_time":10.39064626,"remaining_time":659.9736286,"test":[553.2223791]},
{"learn":[516.4742757],"iteration":155,"passed_time":10.48071563,"remaining_time":661.3600296,"test":[552.1520665]},
{"learn":[515.7429691],"iteration":156,"passed_time":10.54741716,"remaining_time":661.2625932,"test":[551.9561552]},
{"learn":[514.6846653],"iteration":157,"passed_time":10.62514065,"remaining_time":661.8521154,"test":[551.105207]},
{"learn":[513.9986377],"iteration":158,"passed_time":10.68252801,"remaining_time":661.1745794,"test":[550.4831742]},
{"learn":[512.3251792],"iteration":159,"passed_time":10.71317272,"remaining_time":658.8601221,"test":[549.6068887]},
{"learn":[511.5783346],"iteration":160,"passed_time":10.74997409,"remaining_time":656.9502802,"test":[548.8854063]},
{"learn":[510.7928105],"iteration":161,"passed_time":10.82725021,"remaining_time":657.5215282,"test":[548.3877738]},
{"learn":[509.7804983],"iteration":162,"passed_time":10.90774367,"remaining_time":658.2789848,"test":[548.1126582]},
{"learn":[509.0104181],"iteration":163,"passed_time":10.97817616,"remaining_time":658.4228092,"test":[547.7710084]},
{"learn":[508.4459992],"iteration":164,"passed_time":11.04764317,"remaining_time":658.5064881,"test":[547.0945568]},
{"learn":[507.1929849],"iteration":165,"passed_time":11.13772487,"remaining_time":659.8095563,"test":[546.5926467]},
{"learn":[506.6087285],"iteration":166,"passed_time":11.21465497,"remaining_time":660.3215707,"test":[546.7189099]},
{"learn":[505.7810551],"iteration":167,"passed_time":11.28518317,"remaining_time":660.4519102,"test":[546.0956779]},
{"learn":[504.7258995],"iteration":168,"passed_time":11.34965096,"remaining_time":660.227329,"test":[545.2819948]},
{"learn":[504.5867224],"iteration":169,"passed_time":11.36602987,"remaining_time":657.2239626,"test":[545.3124078]},
{"learn":[503.8639568],"iteration":170,"passed_time":11.42278321,"remaining_time":656.5762348,"test":[544.7846338]},
{"learn":[503.2756729],"iteration":171,"passed_time":11.4690855,"remaining_time":655.338211,"test":[544.481882]},
{"learn":[502.2929177],"iteration":172,"passed_time":11.51703032,"remaining_time":654.2072657,"test":[544.114575]},
{"learn":[501.4106972],"iteration":173,"passed_time":11.56435699,"remaining_time":653.0538606,"test":[543.7891519]},
{"learn":[500.952164],"iteration":174,"passed_time":11.61650068,"remaining_time":652.1835382,"test":[543.4994487]},
{"learn":[500.4769667],"iteration":175,"passed_time":11.65873158,"remaining_time":650.7691992,"test":[543.2827291]},
{"learn":[499.931757],"iteration":176,"passed_time":11.70269503,"remaining_time":649.4665156,"test":[542.9378974]},
{"learn":[499.5913617],"iteration":177,"passed_time":11.74619356,"remaining_time":648.1523212,"test":[542.649736]},
{"learn":[498.9968525],"iteration":178,"passed_time":11.82727062,"remaining_time":648.9141048,"test":[542.1585314]},
{"learn":[498.8988661],"iteration":179,"passed_time":11.86096446,"remaining_time":647.0815056,"test":[542.1763404]},
{"learn":[498.4897573],"iteration":180,"passed_time":11.94693258,"remaining_time":648.1045913,"test":[541.9588404]},
{"learn":[498.1642414],"iteration":181,"passed_time":11.99164091,"remaining_time":646.8897279,"test":[541.7607073]},
{"learn":[497.7456015],"iteration":182,"passed_time":12.03055117,"remaining_time":645.3766164,"test":[541.3807861]},
{"learn":[497.0005626],"iteration":183,"passed_time":12.06316372,"remaining_time":643.5435599,"test":[540.7285893]},
{"learn":[496.6052743],"iteration":184,"passed_time":12.136811,"remaining_time":643.9070269,"test":[540.4190056]},
{"learn":[496.1010918],"iteration":185,"passed_time":12.21127232,"remaining_time":644.3087448,"test":[539.8987211]},
{"learn":[495.45146],"iteration":186,"passed_time":12.25080938,"remaining_time":642.8726866,"test":[539.7061798]},
{"learn":[494.8966349],"iteration":187,"passed_time":12.31047494,"remaining_time":642.5020219,"test":[539.4495973]},
{"learn":[494.4945637],"iteration":188,"passed_time":12.35477856,"remaining_time":641.3372085,"test":[539.0340148]},
{"learn":[493.9535513],"iteration":189,"passed_time":12.39638415,"remaining_time":640.0448871,"test":[538.9401158]},
{"learn":[493.4819876],"iteration":190,"passed_time":12.44852251,"remaining_time":639.3065827,"test":[538.6734209]},
{"learn":[493.0394153],"iteration":191,"passed_time":12.53616247,"remaining_time":640.388966,"test":[538.3291874]},
{"learn":[492.1578733],"iteration":192,"passed_time":12.60376607,"remaining_time":640.441108,"test":[537.4790961]},
{"learn":[491.6834897],"iteration":193,"passed_time":12.68979583,"remaining_time":641.4233912,"test":[536.9040335]},
{"learn":[491.145337],"iteration":194,"passed_time":12.75953289,"remaining_time":641.575487,"test":[536.3596256]},
{"learn":[490.7202609],"iteration":195,"passed_time":12.83415314,"remaining_time":641.9695782,"test":[536.2911212]},
{"learn":[489.4903689],"iteration":196,"passed_time":12.90336035,"remaining_time":642.0895506,"test":[536.0950982]},
{"learn":[488.6308961],"iteration":197,"passed_time":12.97183349,"remaining_time":642.1712721,"test":[535.2850878]},
{"learn":[487.9867339],"iteration":198,"passed_time":13.02925778,"remaining_time":641.7073141,"test":[534.836627]},
{"learn":[486.9756512],"iteration":199,"passed_time":13.06855905,"remaining_time":640.3593937,"test":[534.7370889]},
{"learn":[486.5581159],"iteration":200,"passed_time":13.11343705,"remaining_time":639.2963664,"test":[534.5070847]},
{"learn":[486.5113456],"iteration":201,"passed_time":13.12248267,"remaining_time":636.5053721,"test":[534.5789793]},
{"learn":[486.0260087],"iteration":202,"passed_time":13.17518338,"remaining_time":635.8486284,"test":[534.2084005]},
{"learn":[485.9825896],"iteration":203,"passed_time":13.18437547,"remaining_time":633.1085398,"test":[534.2810718]},
{"learn":[485.5943766],"iteration":204,"passed_time":13.22321396,"remaining_time":631.8116134,"test":[533.9951701]},
{"learn":[485.3172871],"iteration":205,"passed_time":13.26716031,"remaining_time":630.7697478,"test":[533.9426975]},
{"learn":[484.4186964],"iteration":206,"passed_time":13.32115323,"remaining_time":630.2128193,"test":[532.9284114]},
{"learn":[483.9017897],"iteration":207,"passed_time":13.39129065,"remaining_time":630.42076,"test":[532.5261756]},
{"learn":[483.3385067],"iteration":208,"passed_time":13.47779756,"remaining_time":631.3928991,"test":[532.274729]},
{"learn":[482.9405615],"iteration":209,"passed_time":13.56915322,"remaining_time":632.5810003,"test":[531.9661887]},
{"learn":[482.01545],"iteration":210,"passed_time":13.64566905,"remaining_time":633.0685039,"test":[531.6093515]},
{"learn":[481.0969042],"iteration":211,"passed_time":13.71163876,"remaining_time":633.0637744,"test":[531.4909074]},
{"learn":[480.7632595],"iteration":212,"passed_time":13.77875891,"remaining_time":633.1113308,"test":[531.2841737]},
{"learn":[480.4871207],"iteration":213,"passed_time":13.85304286,"remaining_time":633.4854085,"test":[530.8954364]},
{"learn":[480.0073907],"iteration":214,"passed_time":13.93008482,"remaining_time":633.9808371,"test":[530.8491667]},
{"learn":[479.2709496],"iteration":215,"passed_time":14.00805441,"remaining_time":634.5129832,"test":[530.3017151]},
{"learn":[478.7173191],"iteration":216,"passed_time":14.10040313,"remaining_time":635.6877596,"test":[529.8417825]},
{"learn":[478.497654],"iteration":217,"passed_time":14.16959939,"remaining_time":635.812024,"test":[529.6527712]},
{"learn":[477.8398034],"iteration":218,"passed_time":14.24013292,"remaining_time":635.9942469,"test":[529.5377583]},
{"learn":[477.4635459],"iteration":219,"passed_time":14.30995283,"remaining_time":636.1424486,"test":[529.41924]},
{"learn":[476.6730933],"iteration":220,"passed_time":14.35798663,"remaining_time":635.3246664,"test":[528.7506382]},
{"learn":[476.3984057],"iteration":221,"passed_time":14.41378009,"remaining_time":634.8555934,"test":[528.5811029]},
{"learn":[476.1596903],"iteration":222,"passed_time":14.47249336,"remaining_time":634.5182405,"test":[528.3891098]},
{"learn":[475.8400813],"iteration":223,"passed_time":14.56217202,"remaining_time":635.5347932,"test":[528.1639006]},
{"learn":[475.5387569],"iteration":224,"passed_time":14.63188147,"remaining_time":635.6739615,"test":[527.9332168]},
{"learn":[475.3396773],"iteration":225,"passed_time":14.70283676,"remaining_time":635.8651616,"test":[527.7733493]},
{"learn":[474.5006221],"iteration":226,"passed_time":14.75136563,"remaining_time":635.08853,"test":[527.4148317]},
{"learn":[473.6791913],"iteration":227,"passed_time":14.82449351,"remaining_time":635.3725902,"test":[527.5496088]},
{"learn":[473.4318531],"iteration":228,"passed_time":14.88337129,"remaining_time":635.045506,"test":[527.4832396]},
{"learn":[473.1684734],"iteration":229,"passed_time":14.93487355,"remaining_time":634.4074547,"test":[527.1729435]},
{"learn":[472.5258797],"iteration":230,"passed_time":14.97938925,"remaining_time":633.4790198,"test":[526.6096038]},
{"learn":[472.2722726],"iteration":231,"passed_time":15.02000833,"remaining_time":632.3941439,"test":[526.4229133]},
{"learn":[471.7225843],"iteration":232,"passed_time":15.06592604,"remaining_time":631.5403417,"test":[526.3477048]},
{"learn":[471.3850818],"iteration":233,"passed_time":15.10699965,"remaining_time":630.4912761,"test":[526.1589069]},
{"learn":[470.972337],"iteration":234,"passed_time":15.1471359,"remaining_time":629.4118385,"test":[526.0188368]},
{"learn":[470.5782307],"iteration":235,"passed_time":15.19895129,"remaining_time":628.8244086,"test":[525.789524]},
{"learn":[470.3027856],"iteration":236,"passed_time":15.23500159,"remaining_time":627.5920699,"test":[525.5200341]},
{"learn":[469.9543582],"iteration":237,"passed_time":15.26297065,"remaining_time":626.038317,"test":[525.4692276]},
{"learn":[469.2954619],"iteration":238,"passed_time":15.29294846,"remaining_time":624.5793721,"test":[525.2729525]},
{"learn":[468.9103891],"iteration":239,"passed_time":15.32334777,"remaining_time":623.1494759,"test":[524.8198057]},
{"learn":[468.2829584],"iteration":240,"passed_time":15.35458189,"remaining_time":621.7649985,"test":[525.0694684]},
{"learn":[468.0644883],"iteration":241,"passed_time":15.38434415,"remaining_time":620.3323563,"test":[524.8383691]},
{"learn":[467.6220804],"iteration":242,"passed_time":15.43927731,"remaining_time":619.9219288,"test":[524.4389133]},
{"learn":[466.6546509],"iteration":243,"passed_time":15.48321693,"remaining_time":619.0748539,"test":[524.4214931]},
{"learn":[466.4318723],"iteration":244,"passed_time":15.52779227,"remaining_time":618.2596471,"test":[524.4182929]},
{"learn":[465.8305524],"iteration":245,"passed_time":15.59000929,"remaining_time":618.1502057,"test":[524.0835481]},
{"learn":[465.551777],"iteration":246,"passed_time":15.66598772,"remaining_time":618.5845273,"test":[524.0225306]},
{"learn":[465.0009648],"iteration":247,"passed_time":15.74691495,"remaining_time":619.209333,"test":[523.4476046]},
{"learn":[464.7366608],"iteration":248,"passed_time":15.82397235,"remaining_time":619.6769253,"test":[523.1462832]},
{"learn":[464.0126091],"iteration":249,"passed_time":15.9028833,"remaining_time":620.2124486,"test":[522.2008812]},
{"learn":[463.214599],"iteration":250,"passed_time":15.96540977,"remaining_time":620.1066926,"test":[522.104616]},
{"learn":[462.8845132],"iteration":251,"passed_time":16.06512436,"remaining_time":621.4398104,"test":[521.8209324]},
{"learn":[462.379126],"iteration":252,"passed_time":16.12136211,"remaining_time":621.0866265,"test":[520.6750717]},
{"learn":[462.2275205],"iteration":253,"passed_time":16.18755164,"remaining_time":621.1176311,"test":[520.656245]},
{"learn":[461.438058],"iteration":254,"passed_time":16.27616693,"remaining_time":622.0048892,"test":[519.5932292]},
{"learn":[461.2549095],"iteration":255,"passed_time":16.34584511,"remaining_time":622.1637297,"test":[519.5534241]},
{"learn":[460.9185388],"iteration":256,"passed_time":16.41273732,"remaining_time":622.2151738,"test":[519.4732977]},
{"learn":[460.6038317],"iteration":257,"passed_time":16.50662589,"remaining_time":623.2850753,"test":[519.2971003]},
{"learn":[460.2562992],"iteration":258,"passed_time":16.61328482,"remaining_time":624.8262837,"test":[519.1026622]},
{"learn":[459.9982023],"iteration":259,"passed_time":16.67839954,"remaining_time":624.7985059,"test":[519.1640714]},
{"learn":[459.106583],"iteration":260,"passed_time":16.74614773,"remaining_time":624.8687077,"test":[519.2763989]},
{"learn":[458.8336793],"iteration":261,"passed_time":16.81190526,"remaining_time":624.863868,"test":[519.2279598]},
{"learn":[458.5550057],"iteration":262,"passed_time":16.87417581,"remaining_time":624.7294673,"test":[519.0559546]},
{"learn":[458.1504468],"iteration":263,"passed_time":16.91672502,"remaining_time":623.8683137,"test":[519.2401673]},
{"learn":[457.7338818],"iteration":264,"passed_time":16.95867501,"remaining_time":622.9913253,"test":[519.3580389]},
{"learn":[457.3601029],"iteration":265,"passed_time":17.0035853,"remaining_time":622.2289446,"test":[519.201665]},
{"learn":[456.6964966],"iteration":266,"passed_time":17.05065241,"remaining_time":621.5505615,"test":[518.5512858]},
{"learn":[456.2893802],"iteration":267,"passed_time":17.09011282,"remaining_time":620.600664,"test":[518.4388979]},
{"learn":[455.5909118],"iteration":268,"passed_time":17.1184188,"remaining_time":619.2540273,"test":[518.5043654]},
{"learn":[455.3506381],"iteration":269,"passed_time":17.15093247,"remaining_time":618.0687886,"test":[518.3764738]},
{"learn":[454.7516824],"iteration":270,"passed_time":17.17709097,"remaining_time":616.6639043,"test":[518.6089395]},
{"learn":[454.6134603],"iteration":271,"passed_time":17.23600034,"remaining_time":616.4404828,"test":[518.5757482]},
{"learn":[454.3146774],"iteration":272,"passed_time":17.32287053,"remaining_time":617.2145113,"test":[518.3526527]},
{"learn":[453.8205575],"iteration":273,"passed_time":17.39918037,"remaining_time":617.6074023,"test":[518.6117386]},
{"learn":[453.1740363],"iteration":274,"passed_time":17.47351924,"remaining_time":617.9271803,"test":[518.5041491]},
{"learn":[452.9284287],"iteration":275,"passed_time":17.53972329,"remaining_time":617.9574974,"test":[518.4453271]},
{"learn":[452.4620339],"iteration":276,"passed_time":17.6095038,"remaining_time":618.1126549,"test":[518.2016218]},
{"learn":[452.2541211],"iteration":277,"passed_time":17.6967112,"remaining_time":618.8756342,"test":[518.0065535]},
{"learn":[452.0388502],"iteration":278,"passed_time":17.7797989,"remaining_time":619.4889787,"test":[517.8031707]},
{"learn":[451.6172158],"iteration":279,"passed_time":17.84931387,"remaining_time":619.6261814,"test":[517.8369977]},
{"learn":[451.4366811],"iteration":280,"passed_time":17.91878184,"remaining_time":619.7602872,"test":[517.7054103]},
{"learn":[450.8053165],"iteration":281,"passed_time":18.01177989,"remaining_time":620.703819,"test":[517.1983533]},
{"learn":[450.4185087],"iteration":282,"passed_time":18.08288512,"remaining_time":620.8883205,"test":[517.0347915]},
{"learn":[449.9680585],"iteration":283,"passed_time":18.15263324,"remaining_time":621.0245935,"test":[517.7426893]},
{"learn":[449.3406377],"iteration":284,"passed_time":18.21910562,"remaining_time":621.0477583,"test":[517.0534223]},
{"learn":[449.0791107],"iteration":285,"passed_time":18.28648731,"remaining_time":621.101181,"test":[516.9365045]},
{"learn":[448.502288],"iteration":286,"passed_time":18.35615009,"remaining_time":621.2309611,"test":[517.0236031]},
{"learn":[448.2446794],"iteration":287,"passed_time":18.426838,"remaining_time":621.3939258,"test":[516.8918709]},
{"learn":[447.9961424],"iteration":288,"passed_time":18.50224476,"remaining_time":621.7138369,"test":[516.6175211]},
{"learn":[447.6752723],"iteration":289,"passed_time":18.57265148,"remaining_time":621.8636066,"test":[516.4937556]},
{"learn":[447.5585528],"iteration":290,"passed_time":18.64085343,"remaining_time":621.9383023,"test":[516.4327587]},
{"learn":[447.5336233],"iteration":291,"passed_time":18.69505763,"remaining_time":621.5466419,"test":[516.461462]},
{"learn":[447.3672374],"iteration":292,"passed_time":18.78103012,"remaining_time":622.209759,"test":[516.2704126]},
{"learn":[446.8558605],"iteration":293,"passed_time":18.84769298,"remaining_time":622.2302996,"test":[516.2528837]},
{"learn":[446.5764392],"iteration":294,"passed_time":18.91665089,"remaining_time":622.3257523,"test":[516.2377858]},
{"learn":[446.2086067],"iteration":295,"passed_time":18.98396092,"remaining_time":622.3660702,"test":[515.7796812]},
{"learn":[445.5630818],"iteration":296,"passed_time":19.05264869,"remaining_time":622.4506742,"test":[515.8492985]},
{"learn":[445.2623066],"iteration":297,"passed_time":19.12821402,"remaining_time":622.7581624,"test":[515.8613432]},
{"learn":[444.8713207],"iteration":298,"passed_time":19.19759135,"remaining_time":622.8623201,"test":[515.6867935]},
{"learn":[444.8365765],"iteration":299,"passed_time":19.2606474,"remaining_time":622.7609326,"test":[515.719831]},
{"learn":[444.6755719],"iteration":300,"passed_time":19.32759507,"remaining_time":622.7851979,"test":[515.6807132]},
{"learn":[444.4188014],"iteration":301,"passed_time":19.39434508,"remaining_time":622.802512,"test":[515.4659514]},
{"learn":[443.8137006],"iteration":302,"passed_time":19.47428724,"remaining_time":623.2414633,"test":[514.9201856]},
{"learn":[443.3290699],"iteration":303,"passed_time":19.5613259,"remaining_time":623.9033418,"test":[514.6068434]},
{"learn":[442.7744385],"iteration":304,"passed_time":19.63468175,"remaining_time":624.1253757,"test":[514.28466]},
{"learn":[442.5280212],"iteration":305,"passed_time":19.72139193,"remaining_time":624.7685406,"test":[514.2485322]},
{"learn":[442.0440617],"iteration":306,"passed_time":19.79731126,"remaining_time":625.0662476,"test":[513.8450794]},
{"learn":[441.7494744],"iteration":307,"passed_time":19.88275532,"remaining_time":625.6612486,"test":[513.8096896]},
{"learn":[441.3763867],"iteration":308,"passed_time":19.94129557,"remaining_time":625.4080756,"test":[513.5182941]},
{"learn":[440.664323],"iteration":309,"passed_time":19.99682433,"remaining_time":625.0620251,"test":[513.0707608]},
{"learn":[440.4023203],"iteration":310,"passed_time":20.05676603,"remaining_time":624.855325,"test":[512.7763052]},
{"learn":[439.8453064],"iteration":311,"passed_time":20.0978115,"remaining_time":624.0628135,"test":[512.7952592]},
{"learn":[439.2057045],"iteration":312,"passed_time":20.13971828,"remaining_time":623.3017603,"test":[513.1469359]},
{"learn":[438.9238337],"iteration":313,"passed_time":20.19744901,"remaining_time":623.0334112,"test":[513.0598425]},
{"learn":[438.5102068],"iteration":314,"passed_time":20.23692572,"remaining_time":622.2051606,"test":[512.8402014]},
{"learn":[438.0432194],"iteration":315,"passed_time":20.29086873,"remaining_time":621.8252303,"test":[512.7024392]},
{"learn":[437.7214544],"iteration":316,"passed_time":20.37471507,"remaining_time":622.3607762,"test":[512.7076248]},
{"learn":[437.3493886],"iteration":317,"passed_time":20.43019871,"remaining_time":622.0288801,"test":[512.4881769]},
{"learn":[437.0425926],"iteration":318,"passed_time":20.48415502,"remaining_time":621.6523661,"test":[512.3740491]},
{"learn":[436.7622516],"iteration":319,"passed_time":20.54011792,"remaining_time":621.3385669,"test":[512.2279063]},
{"learn":[436.6262642],"iteration":320,"passed_time":20.59335621,"remaining_time":620.9442205,"test":[512.1583554]},
{"learn":[436.1727802],"iteration":321,"passed_time":20.64757239,"remaining_time":620.5813839,"test":[511.6811569]},
{"learn":[435.6654724],"iteration":322,"passed_time":20.71030424,"remaining_time":620.4755856,"test":[511.9287247]},
{"learn":[435.4091317],"iteration":323,"passed_time":20.76638778,"remaining_time":620.1715067,"test":[511.5828772]},
{"learn":[434.8884072],"iteration":324,"passed_time":20.83799131,"remaining_time":620.330972,"test":[511.1634845]},
{"learn":[434.4028188],"iteration":325,"passed_time":20.90468408,"remaining_time":620.3432937,"test":[511.1091295]},
{"learn":[434.0576733],"iteration":326,"passed_time":20.97039596,"remaining_time":620.3261166,"test":[511.0375346]},
{"learn":[433.513227],"iteration":327,"passed_time":21.03589293,"remaining_time":620.3023062,"test":[510.5068107]},
{"learn":[433.1776952],"iteration":328,"passed_time":21.106153,"remaining_time":620.4182542,"test":[510.1196336]},
{"learn":[432.9306203],"iteration":329,"passed_time":21.17742059,"remaining_time":620.5625973,"test":[509.7569455]},
{"learn":[432.755454],"iteration":330,"passed_time":21.24980219,"remaining_time":620.7381794,"test":[509.9421744]},
{"learn":[432.4154233],"iteration":331,"passed_time":21.34087084,"remaining_time":621.4564436,"test":[509.756207]},
{"learn":[432.2216623],"iteration":332,"passed_time":21.41222654,"remaining_time":621.5975794,"test":[509.6836186]},
{"learn":[431.811554],"iteration":333,"passed_time":21.49657593,"remaining_time":622.113482,"test":[509.5350849]},
{"learn":[431.6021007],"iteration":334,"passed_time":21.56487188,"remaining_time":622.1626469,"test":[509.5101186]},
{"learn":[431.3750544],"iteration":335,"passed_time":21.6325322,"remaining_time":622.1928308,"test":[509.4560482]},
{"learn":[431.0743036],"iteration":336,"passed_time":21.68581914,"remaining_time":621.8102978,"test":[509.261228]},
{"learn":[430.8066605],"iteration":337,"passed_time":21.74568798,"remaining_time":621.6178616,"test":[509.0220359]},
{"learn":[430.7824488],"iteration":338,"passed_time":21.78757683,"remaining_time":620.9138047,"test":[509.045833]},
{"learn":[430.6444699],"iteration":339,"passed_time":21.84261468,"remaining_time":620.5872289,"test":[508.9370259]},
{"learn":[430.2137099],"iteration":340,"passed_time":21.91435712,"remaining_time":620.7354117,"test":[509.5269603]},
{"learn":[429.8342382],"iteration":341,"passed_time":21.98919607,"remaining_time":620.9697534,"test":[509.7632591]},
{"learn":[429.7623787],"iteration":342,"passed_time":22.05346732,"remaining_time":620.9047635,"test":[509.7142497]},
{"learn":[429.4660255],"iteration":343,"passed_time":22.11948165,"remaining_time":620.8887059,"test":[509.5493898]},
{"learn":[429.4205468],"iteration":344,"passed_time":22.20360072,"remaining_time":621.3790288,"test":[509.6015029]},
{"learn":[429.0398046],"iteration":345,"passed_time":22.26546266,"remaining_time":621.2450189,"test":[509.4609104]},
{"learn":[428.6120857],"iteration":346,"passed_time":22.32824924,"remaining_time":621.1371466,"test":[509.0929036]},
{"learn":[428.5060461],"iteration":347,"passed_time":22.3957133,"remaining_time":621.1592665,"test":[508.8964124]},
{"learn":[428.3594598],"iteration":348,"passed_time":22.48426952,"remaining_time":621.7641407,"test":[508.9477926]},
{"learn":[428.3364454],"iteration":349,"passed_time":22.5465079,"remaining_time":621.639432,"test":[508.9746268]},
{"learn":[428.3096277],"iteration":350,"passed_time":22.58782734,"remaining_time":620.940017,"test":[508.9972444]},
{"learn":[428.3031846],"iteration":351,"passed_time":22.60528277,"remaining_time":619.5902506,"test":[509.0255022]},
{"learn":[428.0170628],"iteration":352,"passed_time":22.6642662,"remaining_time":619.3829351,"test":[509.0083028]},
{"learn":[427.6358107],"iteration":353,"passed_time":22.72430819,"remaining_time":619.2053017,"test":[508.7298972]},
{"learn":[427.6054432],"iteration":354,"passed_time":22.77309379,"remaining_time":618.722506,"test":[508.426005]},
{"learn":[427.5977393],"iteration":355,"passed_time":22.81542879,"remaining_time":618.0674024,"test":[508.4541573]},
{"learn":[427.4584694],"iteration":356,"passed_time":22.88458925,"remaining_time":618.1403196,"test":[508.3328048]},
{"learn":[427.3730133],"iteration":357,"passed_time":22.95753422,"remaining_time":618.3143712,"test":[508.2917172]},
{"learn":[427.2616966],"iteration":358,"passed_time":23.04218601,"remaining_time":618.8014355,"test":[508.2351845]},
{"learn":[427.1626699],"iteration":359,"passed_time":23.10421568,"remaining_time":618.6795532,"test":[508.2304792]},
{"learn":[426.3900244],"iteration":360,"passed_time":23.18324679,"remaining_time":619.0119552,"test":[507.2100283]},
{"learn":[426.2361865],"iteration":361,"passed_time":23.25544274,"remaining_time":619.1601025,"test":[507.1790647]},
{"learn":[425.9757744],"iteration":362,"passed_time":23.31573896,"remaining_time":618.9911195,"test":[507.0646148]},
{"learn":[425.7853498],"iteration":363,"passed_time":23.39325138,"remaining_time":619.2784898,"test":[506.9654061]},
{"learn":[425.5513035],"iteration":364,"passed_time":23.45876317,"remaining_time":619.247077,"test":[506.7387919]},
{"learn":[425.3470462],"iteration":365,"passed_time":23.53240238,"remaining_time":619.4294113,"test":[506.5214447]},
{"learn":[425.2656891],"iteration":366,"passed_time":23.5969635,"remaining_time":619.3720691,"test":[506.4921424]},
{"learn":[425.1677074],"iteration":367,"passed_time":23.6653739,"remaining_time":619.4154385,"test":[506.4896456]},
{"learn":[424.8385114],"iteration":368,"passed_time":23.73766577,"remaining_time":619.5595096,"test":[506.1005766]},
{"learn":[424.8331522],"iteration":369,"passed_time":23.77299907,"remaining_time":618.7404894,"test":[506.1310648]},
{"learn":[424.7045828],"iteration":370,"passed_time":23.83950296,"remaining_time":618.7347009,"test":[506.0572167]},
{"learn":[424.2581176],"iteration":371,"passed_time":23.91792418,"remaining_time":619.037027,"test":[506.2068174]},
{"learn":[423.9864999],"iteration":372,"passed_time":24.00795689,"remaining_time":619.637,"test":[506.0060807]},
{"learn":[423.8510287],"iteration":373,"passed_time":24.07398697,"remaining_time":619.6155041,"test":[505.8737611]},
{"learn":[423.3394057],"iteration":374,"passed_time":24.14336729,"remaining_time":619.6797604,"test":[505.3883428]},
{"learn":[423.1009129],"iteration":375,"passed_time":24.21050641,"remaining_time":619.6859408,"test":[505.189329]},
{"learn":[423.0603598],"iteration":376,"passed_time":24.28066996,"remaining_time":619.7689311,"test":[505.2400326]},
{"learn":[422.7467772],"iteration":377,"passed_time":24.36696398,"remaining_time":620.2617129,"test":[505.3603545]},
{"learn":[422.5865967],"iteration":378,"passed_time":24.44250525,"remaining_time":620.4784777,"test":[505.4056017]},
{"learn":[422.4335985],"iteration":379,"passed_time":24.53382702,"remaining_time":621.0931998,"test":[505.3371081]},
{"learn":[422.1714879],"iteration":380,"passed_time":24.6243379,"remaining_time":621.6837434,"test":[504.9300289]},
{"learn":[422.1490972],"iteration":381,"passed_time":24.70731657,"remaining_time":622.0810752,"test":[504.9482619]},
{"learn":[421.771939],"iteration":382,"passed_time":24.77212812,"remaining_time":622.0197287,"test":[504.9717241]},
{"learn":[421.5415746],"iteration":383,"passed_time":24.86239402,"remaining_time":622.5957837,"test":[504.8710896]},
{"learn":[421.381439],"iteration":384,"passed_time":24.92876986,"remaining_time":622.5717461,"test":[504.7770528]},
{"learn":[421.0801252],"iteration":385,"passed_time":24.99972382,"remaining_time":622.6615151,"test":[504.6755452]},
{"learn":[420.9845599],"iteration":386,"passed_time":25.05494316,"remaining_time":622.3596087,"test":[504.6316946]},
{"learn":[420.2463402],"iteration":387,"passed_time":25.09513511,"remaining_time":621.6866976,"test":[504.196796]},
{"learn":[420.2186507],"iteration":388,"passed_time":25.15767011,"remaining_time":621.5690679,"test":[504.164536]},
{"learn":[419.8790776],"iteration":389,"passed_time":25.23768381,"remaining_time":621.8824139,"test":[504.2467724]},
{"learn":[419.8423569],"iteration":390,"passed_time":25.29989997,"remaining_time":621.7563652,"test":[504.2520607]},
{"learn":[419.7132154],"iteration":391,"passed_time":25.36808306,"remaining_time":621.776893,"test":[504.2426529]},
{"learn":[419.2061953],"iteration":392,"passed_time":25.4191585,"remaining_time":621.3787676,"test":[503.6405131]},
{"learn":[418.5903826],"iteration":393,"passed_time":25.46126265,"remaining_time":620.7636777,"test":[503.7224375]},
{"learn":[418.4577557],"iteration":394,"passed_time":25.50120741,"remaining_time":620.0989803,"test":[503.7308308]},
{"learn":[418.0440714],"iteration":395,"passed_time":25.54341183,"remaining_time":619.4922405,"test":[503.4159134]},
{"learn":[417.9525832],"iteration":396,"passed_time":25.59365244,"remaining_time":619.0827314,"test":[503.4414201]},
{"learn":[417.7584002],"iteration":397,"passed_time":25.65462198,"remaining_time":618.9338699,"test":[503.2232992]},
{"learn":[417.4234589],"iteration":398,"passed_time":25.73341806,"remaining_time":619.2144029,"test":[503.0019675]},
{"learn":[417.0154362],"iteration":399,"passed_time":25.8009218,"remaining_time":619.2221233,"test":[502.715591]},
{"learn":[417.0099729],"iteration":400,"passed_time":25.87624938,"remaining_time":619.4167526,"test":[502.7371691]},
{"learn":[416.8596236],"iteration":401,"passed_time":25.94837357,"remaining_time":619.5335561,"test":[502.5075427]},
{"learn":[416.4221116],"iteration":402,"passed_time":26.01815094,"remaining_time":619.593535,"test":[502.58595]},
{"learn":[416.1599352],"iteration":403,"passed_time":26.11786842,"remaining_time":620.3640231,"test":[502.4913039]},
{"learn":[415.9031908],"iteration":404,"passed_time":26.18644111,"remaining_time":620.3923517,"test":[502.4558517]},
{"learn":[415.875476],"iteration":405,"passed_time":26.25970358,"remaining_time":620.5310251,"test":[502.477895]},
{"learn":[415.8165363],"iteration":406,"passed_time":26.327753,"remaining_time":620.5457851,"test":[502.6546972]},
{"learn":[415.4690502],"iteration":407,"passed_time":26.41167232,"remaining_time":620.9332375,"test":[502.323711]},
{"learn":[415.3787712],"iteration":408,"passed_time":26.51795856,"remaining_time":621.8428865,"test":[502.2658614]},
{"learn":[415.0928537],"iteration":409,"passed_time":26.60475548,"remaining_time":622.2917197,"test":[501.9295123]},
{"learn":[414.9095595],"iteration":410,"passed_time":26.67468409,"remaining_time":622.3443936,"test":[501.8622135]},
{"learn":[414.7408902],"iteration":411,"passed_time":26.73874026,"remaining_time":622.2598097,"test":[501.6333902]},
{"learn":[414.7206161],"iteration":412,"passed_time":26.80474541,"remaining_time":622.2205671,"test":[501.6700256]},
{"learn":[414.4980628],"iteration":413,"passed_time":26.87092615,"remaining_time":622.1852611,"test":[501.4913688]},
{"learn":[414.4013234],"iteration":414,"passed_time":26.94890937,"remaining_time":622.4224008,"test":[501.4286695]},
{"learn":[414.2185525],"iteration":415,"passed_time":27.01012311,"remaining_time":622.2716823,"test":[501.4762086]},
{"learn":[414.1669743],"iteration":416,"passed_time":27.07595826,"remaining_time":622.2275971,"test":[501.475698]},
{"learn":[414.0429755],"iteration":417,"passed_time":27.13346377,"remaining_time":621.9924637,"test":[501.4764142]},
{"learn":[413.7559379],"iteration":418,"passed_time":27.19233986,"remaining_time":621.7895184,"test":[501.2468757]},
{"learn":[413.7059518],"iteration":419,"passed_time":27.23785214,"remaining_time":621.282437,"test":[501.2550405]},
{"learn":[413.6665062],"iteration":420,"passed_time":27.27636888,"remaining_time":620.6183788,"test":[501.2400973]},
{"learn":[413.5201153],"iteration":421,"passed_time":27.32153241,"remaining_time":620.1081455,"test":[501.1961905]},
{"learn":[413.5060864],"iteration":422,"passed_time":27.37755257,"remaining_time":619.8459124,"test":[501.194801]},
{"learn":[413.3828732],"iteration":423,"passed_time":27.43275058,"remaining_time":619.5660839,"test":[501.2054796]},
{"learn":[413.2629587],"iteration":424,"passed_time":27.50357188,"remaining_time":619.6392958,"test":[501.1788772]},
{"learn":[412.9734856],"iteration":425,"passed_time":27.57152282,"remaining_time":619.6473227,"test":[500.9387742]},
{"learn":[412.8844891],"iteration":426,"passed_time":27.63283717,"remaining_time":619.5062067,"test":[500.8440625]},
{"learn":[412.8299596],"iteration":427,"passed_time":27.68719053,"remaining_time":619.2097844,"test":[500.8596892]},
{"learn":[412.6090441],"iteration":428,"passed_time":27.73288151,"remaining_time":618.721233,"test":[500.645771]},
{"learn":[412.5698102],"iteration":429,"passed_time":27.7989245,"remaining_time":618.6876918,"test":[500.714297]},
{"learn":[412.1830452],"iteration":430,"passed_time":27.85846535,"remaining_time":618.5096402,"test":[500.5533432]},
{"learn":[412.1121843],"iteration":431,"passed_time":27.92597596,"remaining_time":618.5086527,"test":[500.5888645]},
{"learn":[411.9890184],"iteration":432,"passed_time":28.01081367,"remaining_time":618.8901949,"test":[500.5219624]},
{"learn":[411.9490802],"iteration":433,"passed_time":28.0726268,"remaining_time":618.7620922,"test":[500.5456914]},
{"learn":[411.7299903],"iteration":434,"passed_time":28.14805976,"remaining_time":618.9337738,"test":[500.5212808]},
{"learn":[411.2926268],"iteration":435,"passed_time":28.22952662,"remaining_time":619.2366803,"test":[500.4961475]},
{"learn":[410.9946211],"iteration":436,"passed_time":28.31329787,"remaining_time":619.5882551,"test":[500.2938526]},
{"learn":[410.8900856],"iteration":437,"passed_time":28.3860276,"remaining_time":619.6967944,"test":[500.2870969]},
{"learn":[410.5852682],"iteration":438,"passed_time":28.47510955,"remaining_time":620.1606432,"test":[500.1035364]},
{"learn":[410.5558563],"iteration":439,"passed_time":28.53423884,"remaining_time":619.9711893,"test":[500.1518684]},
{"learn":[410.5126785],"iteration":440,"passed_time":28.59775386,"remaining_time":619.8773903,"test":[500.0020513]},
{"learn":[410.4797982],"iteration":441,"passed_time":28.65418644,"remaining_time":619.6305746,"test":[500.0590398]},
{"learn":[410.2122747],"iteration":442,"passed_time":28.69759499,"remaining_time":619.1036463,"test":[499.8864887]},
{"learn":[409.8348076],"iteration":443,"passed_time":28.73824392,"remaining_time":618.519502,"test":[499.9396724]},
{"learn":[409.7259346],"iteration":444,"passed_time":28.79806093,"remaining_time":618.3493758,"test":[499.8053416]},
{"learn":[409.4478588],"iteration":445,"passed_time":28.85438559,"remaining_time":618.1049326,"test":[499.6104517]},
{"learn":[409.3831542],"iteration":446,"passed_time":28.90323959,"remaining_time":617.701673,"test":[499.5792797]},
{"learn":[409.109757],"iteration":447,"passed_time":28.97166769,"remaining_time":617.7173433,"test":[499.2867852]},
{"learn":[408.8377605],"iteration":448,"passed_time":29.0227516,"remaining_time":617.3636983,"test":[498.876772]},
{"learn":[408.6575783],"iteration":449,"passed_time":29.07686797,"remaining_time":617.0757536,"test":[498.7862161]},
{"learn":[408.3331887],"iteration":450,"passed_time":29.14970694,"remaining_time":617.1852585,"test":[498.6289923]},
{"learn":[408.1622083],"iteration":451,"passed_time":29.23112039,"remaining_time":617.4750829,"test":[498.574821]},
{"learn":[407.8152087],"iteration":452,"passed_time":29.31945807,"remaining_time":617.909197,"test":[498.5709407]},
{"learn":[407.7957005],"iteration":453,"passed_time":29.41630147,"remaining_time":618.5198542,"test":[498.5978839]},
{"learn":[407.7908428],"iteration":454,"passed_time":29.44935872,"remaining_time":617.7892944,"test":[498.5954974]},
{"learn":[407.5174349],"iteration":455,"passed_time":29.52659225,"remaining_time":617.9863956,"test":[498.3422272]},
{"learn":[407.4843189],"iteration":456,"passed_time":29.59179898,"remaining_time":617.9311546,"test":[498.3710433]},
{"learn":[407.2906629],"iteration":457,"passed_time":29.65590636,"remaining_time":617.8529662,"test":[498.2084047]},
{"learn":[407.1814435],"iteration":458,"passed_time":29.72395801,"remaining_time":617.8568266,"test":[498.2166606]},
{"learn":[407.1340174],"iteration":459,"passed_time":29.79275269,"remaining_time":617.875784,"test":[498.2678398]},
{"learn":[406.8062721],"iteration":460,"passed_time":29.86102751,"remaining_time":617.8836039,"test":[498.1043547]},
{"learn":[406.787441],"iteration":461,"passed_time":29.92592933,"remaining_time":617.8214588,"test":[498.1300025]},
{"learn":[406.6524001],"iteration":462,"passed_time":30.01242524,"remaining_time":618.2041025,"test":[498.2592437]},
{"learn":[406.3717354],"iteration":463,"passed_time":30.08132021,"remaining_time":618.2229947,"test":[498.3976798]},
{"learn":[406.3468585],"iteration":464,"passed_time":30.14694476,"remaining_time":618.174448,"test":[498.3686734]},
{"learn":[406.2118245],"iteration":465,"passed_time":30.22939218,"remaining_time":618.4700109,"test":[498.3133004]},
{"learn":[406.1013677],"iteration":466,"passed_time":30.2904438,"remaining_time":618.3271965,"test":[498.2732176]},
{"learn":[405.8057352],"iteration":467,"passed_time":30.35406555,"remaining_time":618.2370787,"test":[498.3158704]},
{"learn":[405.7811308],"iteration":468,"passed_time":30.41754582,"remaining_time":618.1441988,"test":[498.3297744]},
{"learn":[405.695896],"iteration":469,"passed_time":30.48515504,"remaining_time":618.135165,"test":[498.3419154]},
{"learn":[405.5589437],"iteration":470,"passed_time":30.55676658,"remaining_time":618.206855,"test":[498.1922756]},
{"learn":[405.4764064],"iteration":471,"passed_time":30.63460537,"remaining_time":618.403644,"test":[498.2071659]},
{"learn":[405.4465043],"iteration":472,"passed_time":30.71774456,"remaining_time":618.7060305,"test":[498.2542065]},
{"learn":[405.3423169],"iteration":473,"passed_time":30.78476778,"remaining_time":618.6829069,"test":[498.2507309]},
{"learn":[405.0062994],"iteration":474,"passed_time":30.85688064,"remaining_time":618.7616592,"test":[498.4432544]},
{"learn":[404.9949996],"iteration":475,"passed_time":30.92836803,"remaining_time":618.8272629,"test":[498.451594]},
{"learn":[404.7282973],"iteration":476,"passed_time":31.00495632,"remaining_time":618.994128,"test":[498.3763023]},
{"learn":[404.535866],"iteration":477,"passed_time":31.09098156,"remaining_time":619.3479633,"test":[498.4361752]},
{"learn":[404.5288751],"iteration":478,"passed_time":31.14279119,"remaining_time":619.0198642,"test":[498.4380941]},
{"learn":[404.4391851],"iteration":479,"passed_time":31.1905229,"remaining_time":618.6120375,"test":[498.4142294]},
{"learn":[404.3358386],"iteration":480,"passed_time":31.25147799,"remaining_time":618.4673991,"test":[498.4455224]},
{"learn":[404.3110438],"iteration":481,"passed_time":31.31862044,"remaining_time":618.4452892,"test":[498.4519106]},
{"learn":[404.2995097],"iteration":482,"passed_time":31.38259546,"remaining_time":618.3605818,"test":[498.4511304]},
{"learn":[404.2411845],"iteration":483,"passed_time":31.44968201,"remaining_time":618.3371364,"test":[498.4281167]},
{"learn":[404.1403451],"iteration":484,"passed_time":31.51985003,"remaining_time":618.3739651,"test":[498.4959164]},
{"learn":[404.0224383],"iteration":485,"passed_time":31.58015729,"remaining_time":618.2173178,"test":[498.4324249]},
{"learn":[403.9055175],"iteration":486,"passed_time":31.61615658,"remaining_time":617.5862373,"test":[498.528863]},
{"learn":[403.7190473],"iteration":487,"passed_time":31.69892446,"remaining_time":617.8691996,"test":[498.349124]},
{"learn":[403.6933699],"iteration":488,"passed_time":31.7829264,"remaining_time":618.1746687,"test":[498.3237103]},
{"learn":[403.6083819],"iteration":489,"passed_time":31.86022596,"remaining_time":618.3484671,"test":[498.2176147]},
{"learn":[403.5452758],"iteration":490,"passed_time":31.92548482,"remaining_time":618.2880553,"test":[498.162282]},
{"learn":[403.3771103],"iteration":491,"passed_time":32.00605898,"remaining_time":618.523595,"test":[498.0002296]},
{"learn":[402.9410667],"iteration":492,"passed_time":32.08304736,"remaining_time":618.6887044,"test":[497.8908549]},
{"learn":[402.9356312],"iteration":493,"passed_time":32.1217948,"remaining_time":618.1169663,"test":[497.9000088]},
{"learn":[402.9224152],"iteration":494,"passed_time":32.15198643,"remaining_time":617.383093,"test":[497.9736837]},
{"learn":[402.7588793],"iteration":495,"passed_time":32.19668369,"remaining_time":616.9300036,"test":[497.9650597]},
{"learn":[402.6255815],"iteration":496,"passed_time":32.25437933,"remaining_time":616.7270961,"test":[497.8373275]},
{"learn":[402.6105076],"iteration":497,"passed_time":32.2969084,"remaining_time":616.2353889,"test":[497.8474976]},
{"learn":[402.3792521],"iteration":498,"passed_time":32.33966968,"remaining_time":615.749903,"test":[497.7832768]},
{"learn":[402.2979599],"iteration":499,"passed_time":32.37979601,"remaining_time":615.2161242,"test":[497.7825574]},
{"learn":[402.156228],"iteration":500,"passed_time":32.42327769,"remaining_time":614.7479337,"test":[497.662273]},
{"learn":[401.8407918],"iteration":501,"passed_time":32.46545599,"remaining_time":614.256775,"test":[497.3814709]},
{"learn":[401.815044],"iteration":502,"passed_time":32.53863531,"remaining_time":614.3527228,"test":[497.4241358]},
{"learn":[401.5249896],"iteration":503,"passed_time":32.62216045,"remaining_time":614.6429278,"test":[497.5255821]},
{"learn":[401.2842648],"iteration":504,"passed_time":32.70919775,"remaining_time":614.9976884,"test":[497.2944137]},
{"learn":[401.1649666],"iteration":505,"passed_time":32.77468869,"remaining_time":614.9464317,"test":[497.1961351]},
{"learn":[401.1588955],"iteration":506,"passed_time":32.83967681,"remaining_time":614.885704,"test":[497.3073945]},
{"learn":[400.9018377],"iteration":507,"passed_time":32.91600512,"remaining_time":615.0368516,"test":[497.2023747]},
{"learn":[400.6799027],"iteration":508,"passed_time":32.98469182,"remaining_time":615.0446171,"test":[497.2330146]},
{"learn":[400.6516627],"iteration":509,"passed_time":33.05324379,"remaining_time":615.0495756,"test":[497.3116955]},
{"learn":[400.6235375],"iteration":510,"passed_time":33.11806021,"remaining_time":614.9848794,"test":[497.3673636]},
{"learn":[400.2983312],"iteration":511,"passed_time":33.20577128,"remaining_time":615.3444491,"test":[497.4549669]},
{"learn":[400.293398],"iteration":512,"passed_time":33.25831657,"remaining_time":615.0519479,"test":[497.465195]},
{"learn":[400.2624656],"iteration":513,"passed_time":33.32242172,"remaining_time":614.9737207,"test":[497.4453182]},
{"learn":[399.8327324],"iteration":514,"passed_time":33.39240915,"remaining_time":615.0038851,"test":[497.2550424]},
{"learn":[399.5361775],"iteration":515,"passed_time":33.46702761,"remaining_time":615.1187788,"test":[497.3437854]},
{"learn":[399.3359064],"iteration":516,"passed_time":33.53284415,"remaining_time":615.0714915,"test":[497.1811011]},
{"learn":[399.2239474],"iteration":517,"passed_time":33.60054871,"remaining_time":615.0586927,"test":[497.1478019]},
{"learn":[398.8786301],"iteration":518,"passed_time":33.67675105,"remaining_time":615.2009186,"test":[496.9153327]},
{"learn":[398.8051255],"iteration":519,"passed_time":33.7545166,"remaining_time":615.3708027,"test":[496.9289365]},
{"learn":[398.6848751],"iteration":520,"passed_time":33.82458926,"remaining_time":615.3997727,"test":[496.8612086]},
{"learn":[398.639161],"iteration":521,"passed_time":33.89500912,"remaining_time":615.4346675,"test":[496.8555974]},
{"learn":[398.6338401],"iteration":522,"passed_time":33.98034717,"remaining_time":615.739484,"test":[496.879542]},
{"learn":[398.5768007],"iteration":523,"passed_time":34.05673818,"remaining_time":615.8810134,"test":[496.8433093]},
{"learn":[398.5597802],"iteration":524,"passed_time":34.12044489,"remaining_time":615.7927912,"test":[496.8776028]},
{"learn":[398.3461597],"iteration":525,"passed_time":34.19836288,"remaining_time":615.9606273,"test":[496.8078352]},
{"learn":[398.1176211],"iteration":526,"passed_time":34.26346817,"remaining_time":615.8972181,"test":[496.7814926]},
{"learn":[397.8933612],"iteration":527,"passed_time":34.32284964,"remaining_time":615.7311208,"test":[496.6198919]},
{"learn":[397.8853476],"iteration":528,"passed_time":34.35475787,"remaining_time":615.0735573,"test":[496.6352121]},
{"learn":[397.8390347],"iteration":529,"passed_time":34.38858691,"remaining_time":614.4526756,"test":[496.6343759]},
{"learn":[397.8172516],"iteration":530,"passed_time":34.46346793,"remaining_time":614.5660599,"test":[496.6823006]},
{"learn":[397.6388111],"iteration":531,"passed_time":34.52541656,"remaining_time":614.4485789,"test":[496.601095]},
{"learn":[397.6308947],"iteration":532,"passed_time":34.62310329,"remaining_time":614.9660766,"test":[496.6201095]},
{"learn":[397.6131958],"iteration":533,"passed_time":34.70676621,"remaining_time":615.2326759,"test":[496.6306575]},
{"learn":[397.5849763],"iteration":534,"passed_time":34.77538985,"remaining_time":615.2318971,"test":[496.5888908]},
{"learn":[397.517573],"iteration":535,"passed_time":34.8443481,"remaining_time":615.2367731,"test":[496.5891771]},
{"learn":[397.4980091],"iteration":536,"passed_time":34.90165873,"remaining_time":615.0361202,"test":[496.5972754]},
{"learn":[397.3146597],"iteration":537,"passed_time":34.95589915,"remaining_time":614.7820033,"test":[496.5384795]},
{"learn":[397.291528],"iteration":538,"passed_time":35.00900003,"remaining_time":614.5086258,"test":[496.7181313]},
{"learn":[397.2697945],"iteration":539,"passed_time":35.05467181,"remaining_time":614.1059173,"test":[496.6278645]},
{"learn":[397.2503091],"iteration":540,"passed_time":35.09347224,"remaining_time":613.584388,"test":[496.5987916]},
{"learn":[396.8273027],"iteration":541,"passed_time":35.17737586,"remaining_time":613.851699,"test":[496.3012856]},
{"learn":[396.6618907],"iteration":542,"passed_time":35.24726678,"remaining_time":613.8736684,"test":[496.2296013]},
{"learn":[396.6452881],"iteration":543,"passed_time":35.30690269,"remaining_time":613.7170438,"test":[496.2432379]},
{"learn":[396.6340863],"iteration":544,"passed_time":35.3620839,"remaining_time":613.4834923,"test":[496.2503224]},
{"learn":[396.5736195],"iteration":545,"passed_time":35.39215659,"remaining_time":612.8158395,"test":[496.2545216]},
{"learn":[396.5068865],"iteration":546,"passed_time":35.44863023,"remaining_time":612.606767,"test":[496.262385]},
{"learn":[396.4940679],"iteration":547,"passed_time":35.49215085,"remaining_time":612.1748355,"test":[496.2369258]},
{"learn":[396.3665895],"iteration":548,"passed_time":35.5372591,"remaining_time":611.7716498,"test":[496.1373433]},
{"learn":[396.0773216],"iteration":549,"passed_time":35.58256834,"remaining_time":611.3732197,"test":[495.9646562]},
{"learn":[395.8232621],"iteration":550,"passed_time":35.63121272,"remaining_time":611.033265,"test":[495.9672464]},
{"learn":[395.8026199],"iteration":551,"passed_time":35.67326584,"remaining_time":610.5815502,"test":[495.956444]},
{"learn":[395.5599922],"iteration":552,"passed_time":35.77541648,"remaining_time":611.1579737,"test":[495.8836313]},
{"learn":[395.505187],"iteration":553,"passed_time":35.85035848,"remaining_time":611.2680257,"test":[495.8404356]},
{"learn":[395.4688855],"iteration":554,"passed_time":35.91398247,"remaining_time":611.1848007,"test":[495.8507112]},
{"learn":[395.2679358],"iteration":555,"passed_time":35.98699848,"remaining_time":611.2611757,"test":[495.6991171]},
{"learn":[395.2504919],"iteration":556,"passed_time":36.05584533,"remaining_time":611.266333,"test":[495.7043587]},
{"learn":[395.2306893],"iteration":557,"passed_time":36.12831305,"remaining_time":611.3324943,"test":[495.7313275]},
{"learn":[395.2214419],"iteration":558,"passed_time":36.19531618,"remaining_time":611.3058677,"test":[495.7337823]},
{"learn":[395.1069935],"iteration":559,"passed_time":36.26364915,"remaining_time":611.3015142,"test":[495.7194812]},
{"learn":[395.0227606],"iteration":560,"passed_time":36.33529642,"remaining_time":611.3526969,"test":[495.718309]},
{"learn":[395.0153644],"iteration":561,"passed_time":36.42989972,"remaining_time":611.7889565,"test":[495.7266024]},
{"learn":[394.9597431],"iteration":562,"passed_time":36.514271,"remaining_time":612.0518213,"test":[495.7487724]},
{"learn":[394.8998196],"iteration":563,"passed_time":36.57950593,"remaining_time":611.9932943,"test":[495.7529528]},
{"learn":[394.862268],"iteration":564,"passed_time":36.65120902,"remaining_time":612.0427559,"test":[495.7738061]},
{"learn":[394.8453826],"iteration":565,"passed_time":36.71264187,"remaining_time":611.9206068,"test":[495.7749519]},
{"learn":[394.8357999],"iteration":566,"passed_time":36.74552055,"remaining_time":611.323625,"test":[495.7837458]},
{"learn":[394.8292574],"iteration":567,"passed_time":36.77493303,"remaining_time":610.6710711,"test":[495.8305372]},
{"learn":[394.8002994],"iteration":568,"passed_time":36.81560329,"remaining_time":610.2073016,"test":[495.8677963]},
{"learn":[394.6086834],"iteration":569,"passed_time":36.85987061,"remaining_time":609.804526,"test":[495.8305138]},
{"learn":[394.597912],"iteration":570,"passed_time":36.91442001,"remaining_time":609.5727957,"test":[495.82867]},
{"learn":[394.4963127],"iteration":571,"passed_time":36.96937358,"remaining_time":609.3483464,"test":[495.7998952]},
{"learn":[394.3519079],"iteration":572,"passed_time":37.01706875,"remaining_time":609.0050735,"test":[496.100507]},
{"learn":[394.3388261],"iteration":573,"passed_time":37.0620464,"remaining_time":608.6182045,"test":[496.1070062]},
{"learn":[394.2756238],"iteration":574,"passed_time":37.11786502,"remaining_time":608.4102223,"test":[496.1041672]},
{"learn":[394.2618143],"iteration":575,"passed_time":37.16274563,"remaining_time":608.0238105,"test":[496.1438149]},
{"learn":[394.1066316],"iteration":576,"passed_time":37.206719,"remaining_time":607.6237663,"test":[496.0769356]},
{"learn":[394.0926444],"iteration":577,"passed_time":37.25315517,"remaining_time":607.2651003,"test":[496.0781636]},
{"learn":[394.0868808],"iteration":578,"passed_time":37.30062708,"remaining_time":606.9243656,"test":[496.084725]},
{"learn":[394.027149],"iteration":579,"passed_time":37.36384174,"remaining_time":606.8403262,"test":[496.0922528]},
{"learn":[394.0066845],"iteration":580,"passed_time":37.40990875,"remaining_time":606.4783658,"test":[496.0785912]},
{"learn":[394.0044375],"iteration":581,"passed_time":37.46721116,"remaining_time":606.2993036,"test":[496.0901385]},
{"learn":[393.9976549],"iteration":582,"passed_time":37.5129616,"remaining_time":605.9340642,"test":[496.1008158]},
{"learn":[393.99336],"iteration":583,"passed_time":37.54793967,"remaining_time":605.3962327,"test":[496.1059728]},
{"learn":[393.9853668],"iteration":584,"passed_time":37.5960345,"remaining_time":605.0712219,"test":[496.1057408]},
{"learn":[393.9255761],"iteration":585,"passed_time":37.64066411,"remaining_time":604.691488,"test":[496.0965089]},
{"learn":[393.8749558],"iteration":586,"passed_time":37.6849363,"remaining_time":604.3071642,"test":[496.1058424]},
{"learn":[393.809455],"iteration":587,"passed_time":37.73156385,"remaining_time":603.9616989,"test":[496.0041033]},
{"learn":[393.6896556],"iteration":588,"passed_time":37.77807519,"remaining_time":603.6153916,"test":[495.9388752]},
{"learn":[393.6746164],"iteration":589,"passed_time":37.84188421,"remaining_time":603.5459838,"test":[495.9699713]},
{"learn":[393.649688],"iteration":590,"passed_time":37.90660078,"remaining_time":603.4910435,"test":[495.9789191]},
{"learn":[393.6371288],"iteration":591,"passed_time":37.98044025,"remaining_time":603.5810504,"test":[495.9820302]},
{"learn":[393.4853736],"iteration":592,"passed_time":38.04955584,"remaining_time":603.595568,"test":[496.064735]},
{"learn":[393.4417121],"iteration":593,"passed_time":38.12103162,"remaining_time":603.6471774,"test":[496.099346]},
{"learn":[393.4383669],"iteration":594,"passed_time":38.1911903,"remaining_time":603.6775542,"test":[496.1106245]},
{"learn":[393.4346131],"iteration":595,"passed_time":38.26501287,"remaining_time":603.7654044,"test":[496.1036565]},
{"learn":[393.3538522],"iteration":596,"passed_time":38.33784825,"remaining_time":603.8371643,"test":[496.0989166]},
{"learn":[393.1636652],"iteration":597,"passed_time":38.40265862,"remaining_time":603.7822681,"test":[495.9636374]},
{"learn":[392.793236],"iteration":598,"passed_time":38.48549777,"remaining_time":604.0102915,"test":[495.7905793]},
{"learn":[392.7642148],"iteration":599,"passed_time":38.54451145,"remaining_time":603.8640128,"test":[495.7741006]},
{"learn":[392.7589675],"iteration":600,"passed_time":38.6057352,"remaining_time":603.7525876,"test":[495.7826501]},
{"learn":[392.5800673],"iteration":601,"passed_time":38.67197451,"remaining_time":603.7196287,"test":[495.5329108]},
{"learn":[392.4361171],"iteration":602,"passed_time":38.75579107,"remaining_time":603.9604788,"test":[495.4301529]},
{"learn":[392.4225986],"iteration":603,"passed_time":38.82627734,"remaining_time":603.9928839,"test":[495.4252907]},
{"learn":[392.3346114],"iteration":604,"passed_time":38.88287394,"remaining_time":603.8092573,"test":[495.4466101]},
{"learn":[392.2258316],"iteration":605,"passed_time":38.94906342,"remaining_time":603.7747554,"test":[495.4912814]},
{"learn":[392.1703347],"iteration":606,"passed_time":39.01266167,"remaining_time":603.7000512,"test":[495.480021]},
{"learn":[392.1250236],"iteration":607,"passed_time":39.07505566,"remaining_time":603.6067809,"test":[495.522541]},
{"learn":[392.0958618],"iteration":608,"passed_time":39.13958355,"remaining_time":603.5465175,"test":[495.5159999]},
{"learn":[391.9930392],"iteration":609,"passed_time":39.2112871,"remaining_time":603.5966982,"test":[495.5021837]},
{"learn":[391.9857092],"iteration":610,"passed_time":39.27136045,"remaining_time":603.4677631,"test":[495.5003999]},
{"learn":[391.6333454],"iteration":611,"passed_time":39.34165324,"remaining_time":603.4958181,"test":[495.0301896]},
{"learn":[391.5073121],"iteration":612,"passed_time":39.40498862,"remaining_time":603.4170117,"test":[494.9284024]},
{"learn":[391.5026762],"iteration":613,"passed_time":39.47535278,"remaining_time":603.4457023,"test":[494.9369376]},
{"learn":[391.4031655],"iteration":614,"passed_time":39.54161903,"remaining_time":603.4115359,"test":[494.955653]},
{"learn":[391.2190395],"iteration":615,"passed_time":39.60686082,"remaining_time":603.361659,"test":[494.8565769]},
{"learn":[391.1563062],"iteration":616,"passed_time":39.67004272,"remaining_time":603.2804066,"test":[494.8875928]},
{"learn":[391.1256261],"iteration":617,"passed_time":39.74495532,"remaining_time":603.377299,"test":[494.9066009]},
{"learn":[390.9550958],"iteration":618,"passed_time":39.80780935,"remaining_time":603.2908878,"test":[495.5453272]},
{"learn":[390.894936],"iteration":619,"passed_time":39.86829662,"remaining_time":603.1687457,"test":[495.497891]},
{"learn":[390.8781347],"iteration":620,"passed_time":39.95079262,"remaining_time":603.3792012,"test":[495.5029599]},
{"learn":[390.7627253],"iteration":621,"passed_time":40.02657531,"remaining_time":603.4874972,"test":[495.7450621]},
{"learn":[390.7521528],"iteration":622,"passed_time":40.09933818,"remaining_time":603.5497497,"test":[495.7558909]},
{"learn":[390.5930517],"iteration":623,"passed_time":40.16683359,"remaining_time":603.5324226,"test":[495.7573395]},
{"learn":[390.5834121],"iteration":624,"passed_time":40.23171458,"remaining_time":603.4757187,"test":[495.7650824]},
{"learn":[390.5552021],"iteration":625,"passed_time":40.29096767,"remaining_time":603.3347139,"test":[495.7436219]},
{"learn":[390.5476336],"iteration":626,"passed_time":40.34174387,"remaining_time":603.0672492,"test":[495.751185]},
{"learn":[390.5220282],"iteration":627,"passed_time":40.39981404,"remaining_time":602.9093267,"test":[495.7323595]},
{"learn":[390.4897394],"iteration":628,"passed_time":40.46170521,"remaining_time":602.8086479,"test":[495.7388482]},
{"learn":[390.4537584],"iteration":629,"passed_time":40.53066155,"remaining_time":602.8131726,"test":[495.7356528]},
{"learn":[390.4389714],"iteration":630,"passed_time":40.59013726,"remaining_time":602.6766973,"test":[495.7321096]},
{"learn":[390.3763645],"iteration":631,"passed_time":40.65272459,"remaining_time":602.5865886,"test":[495.6971143]},
{"learn":[390.3239402],"iteration":632,"passed_time":40.71247076,"remaining_time":602.4545238,"test":[495.721813]},
{"learn":[390.3210029],"iteration":633,"passed_time":40.78931855,"remaining_time":602.5753273,"test":[495.7256548]},
{"learn":[390.279549],"iteration":634,"passed_time":40.85724866,"remaining_time":602.5639901,"test":[495.6776605]},
{"learn":[390.2638451],"iteration":635,"passed_time":40.92235569,"remaining_time":602.5109099,"test":[495.6870117]},
{"learn":[390.009763],"iteration":636,"passed_time":40.98538963,"remaining_time":602.4273204,"test":[495.5556281]},
{"learn":[389.8698621],"iteration":637,"passed_time":41.05654258,"remaining_time":602.4629336,"test":[495.5920138]},
{"learn":[389.7427669],"iteration":638,"passed_time":41.11632218,"remaining_time":602.3315993,"test":[495.5601043]},
{"learn":[389.7084951],"iteration":639,"passed_time":41.17322001,"remaining_time":602.1583427,"test":[495.5676508]},
{"learn":[389.6938208],"iteration":640,"passed_time":41.24721353,"remaining_time":602.2350569,"test":[495.5645631]},
{"learn":[389.6841344],"iteration":641,"passed_time":41.32293878,"remaining_time":602.3365437,"test":[495.5720681]},
{"learn":[389.6203307],"iteration":642,"passed_time":41.37875756,"remaining_time":602.1477986,"test":[495.5562146]},
{"learn":[389.6113668],"iteration":643,"passed_time":41.42170548,"remaining_time":601.772479,"test":[495.5606235]},
{"learn":[389.6071047],"iteration":644,"passed_time":41.47695458,"remaining_time":601.5766048,"test":[495.5633295]},
{"learn":[389.5902987],"iteration":645,"passed_time":41.52008243,"remaining_time":601.2056518,"test":[495.5783256]},
{"learn":[389.5452871],"iteration":646,"passed_time":41.58109802,"remaining_time":601.0942964,"test":[495.5415526]},
{"learn":[389.2717493],"iteration":647,"passed_time":41.62449373,"remaining_time":600.7288045,"test":[495.3264117]},
{"learn":[389.2174299],"iteration":648,"passed_time":41.67060238,"remaining_time":600.4033942,"test":[495.3260469]},
{"learn":[389.177943],"iteration":649,"passed_time":41.71756469,"remaining_time":600.0911228,"test":[495.3306703]},
{"learn":[389.1661394],"iteration":650,"passed_time":41.77925512,"remaining_time":599.9911768,"test":[495.3573112]},
{"learn":[389.03847],"iteration":651,"passed_time":41.83899669,"remaining_time":599.8634065,"test":[495.3075097]},
{"learn":[388.9473362],"iteration":652,"passed_time":41.88408276,"remaining_time":599.5260667,"test":[495.3249914]},
{"learn":[388.9437698],"iteration":653,"passed_time":41.94667702,"remaining_time":599.4398218,"test":[495.3366997]},
{"learn":[388.7367732],"iteration":654,"passed_time":41.99275505,"remaining_time":599.1180091,"test":[495.1707169]},
{"learn":[388.7313098],"iteration":655,"passed_time":42.02281169,"remaining_time":598.5688299,"test":[495.1701868]},
{"learn":[388.436637],"iteration":656,"passed_time":42.05738969,"remaining_time":598.085528,"test":[495.0434998]},
{"learn":[388.3641262],"iteration":657,"passed_time":42.11633572,"remaining_time":597.9495567,"test":[495.0109069]},
{"learn":[388.3360952],"iteration":658,"passed_time":42.18293454,"remaining_time":597.9222936,"test":[494.9810027]},
{"learn":[388.3255096],"iteration":659,"passed_time":42.22558485,"remaining_time":597.5560038,"test":[495.00004]},
{"learn":[388.1689368],"iteration":660,"passed_time":42.25760723,"remaining_time":597.0405354,"test":[494.8657341]},
{"learn":[388.1419932],"iteration":661,"passed_time":42.285177,"remaining_time":596.4637203,"test":[494.8777659]},
{"learn":[388.1395663],"iteration":662,"passed_time":42.3120597,"remaining_time":595.878886,"test":[494.8672544]},
{"learn":[388.0173698],"iteration":663,"passed_time":42.34055288,"remaining_time":595.3183761,"test":[494.7612519]},
{"learn":[388.0091847],"iteration":664,"passed_time":42.39450405,"remaining_time":595.1168351,"test":[494.7764425]},
{"learn":[387.9972443],"iteration":665,"passed_time":42.44203712,"remaining_time":594.8257875,"test":[494.6945306]},
{"learn":[387.9469373],"iteration":666,"passed_time":42.49715178,"remaining_time":594.6415556,"test":[494.9852702]},
{"learn":[387.7265487],"iteration":667,"passed_time":42.54432435,"remaining_time":594.3467587,"test":[494.759362]},
{"learn":[387.6995537],"iteration":668,"passed_time":42.59942103,"remaining_time":594.1632252,"test":[494.7611754]},
{"learn":[387.6956484],"iteration":669,"passed_time":42.64753167,"remaining_time":593.8827918,"test":[494.7920315]},
{"learn":[387.6826975],"iteration":670,"passed_time":42.68624009,"remaining_time":593.4723306,"test":[494.7960652]},
{"learn":[387.5193114],"iteration":671,"passed_time":42.72357921,"remaining_time":593.0439685,"test":[494.7455561]},
{"learn":[387.2940643],"iteration":672,"passed_time":42.76045816,"remaining_time":592.6103912,"test":[494.5626802]},
{"learn":[387.1726014],"iteration":673,"passed_time":42.82015424,"remaining_time":592.4937069,"test":[494.532207]},
{"learn":[387.145161],"iteration":674,"passed_time":42.88598366,"remaining_time":592.4619225,"test":[494.5274981]},
{"learn":[387.0471978],"iteration":675,"passed_time":42.93582566,"remaining_time":592.2095244,"test":[494.4942732]},
{"learn":[386.994194],"iteration":676,"passed_time":42.99733792,"remaining_time":592.1184364,"test":[494.5769323]},
{"learn":[386.9577574],"iteration":677,"passed_time":43.04061041,"remaining_time":591.7766522,"test":[494.5733602]},
{"learn":[386.9440588],"iteration":678,"passed_time":43.08383559,"remaining_time":591.435098,"test":[494.5792833]},
{"learn":[386.9223058],"iteration":679,"passed_time":43.12397178,"remaining_time":591.0520838,"test":[494.5600955]},
{"learn":[386.8901672],"iteration":680,"passed_time":43.16768817,"remaining_time":590.7190691,"test":[494.5661046]},
{"learn":[386.8384909],"iteration":681,"passed_time":43.19813809,"remaining_time":590.2056462,"test":[494.4793474]},
{"learn":[386.7221262],"iteration":682,"passed_time":43.2295192,"remaining_time":589.7063402,"test":[494.5256052]},
{"learn":[386.6167381],"iteration":683,"passed_time":43.29259413,"remaining_time":589.6400685,"test":[494.4706972]},
{"learn":[386.5807349],"iteration":684,"passed_time":43.36082051,"remaining_time":589.6438584,"test":[494.4783864]},
{"learn":[386.5467822],"iteration":685,"passed_time":43.42973957,"remaining_time":589.656843,"test":[494.4593979]},
{"learn":[386.3251002],"iteration":686,"passed_time":43.5141941,"remaining_time":589.8801888,"test":[494.4526501]},
{"learn":[386.2900217],"iteration":687,"passed_time":43.59817613,"remaining_time":590.0962444,"test":[494.4424338]},
{"learn":[386.0378965],"iteration":688,"passed_time":43.67703555,"remaining_time":590.2422033,"test":[494.1705249]},
{"learn":[386.0026252],"iteration":689,"passed_time":43.75420178,"remaining_time":590.3646646,"test":[494.1809899]},
{"learn":[385.9901684],"iteration":690,"passed_time":43.80679863,"remaining_time":590.155555,"test":[494.2006164]},
{"learn":[385.9765369],"iteration":691,"passed_time":43.84078113,"remaining_time":589.6965184,"test":[494.2084157]},
{"learn":[385.9673509],"iteration":692,"passed_time":43.87844043,"remaining_time":589.2880882,"test":[494.2055573]},
{"learn":[385.9509146],"iteration":693,"passed_time":43.94678535,"remaining_time":589.2921966,"test":[494.2150103]},
{"learn":[385.9263432],"iteration":694,"passed_time":44.00837275,"remaining_time":589.2056237,"test":[494.2284431]},
{"learn":[385.879832],"iteration":695,"passed_time":44.06282929,"remaining_time":589.0237985,"test":[494.2145362]},
{"learn":[385.8462783],"iteration":696,"passed_time":44.10454585,"remaining_time":588.6722956,"test":[494.2181188]},
{"learn":[385.8347483],"iteration":697,"passed_time":44.1589889,"remaining_time":588.4912819,"test":[494.2255803]},
{"learn":[385.8022424],"iteration":698,"passed_time":44.2021072,"remaining_time":588.1599415,"test":[494.2261839]},
{"learn":[385.7672535],"iteration":699,"passed_time":44.2484356,"remaining_time":587.872073,"test":[494.219478]},
{"learn":[385.7479743],"iteration":700,"passed_time":44.28950695,"remaining_time":587.5151571,"test":[494.2081865]},
{"learn":[385.7262221],"iteration":701,"passed_time":44.33027865,"remaining_time":587.1551723,"test":[494.2305366]},
{"learn":[385.6924126],"iteration":702,"passed_time":44.39074731,"remaining_time":587.0565828,"test":[494.1987634]},
{"learn":[385.6539623],"iteration":703,"passed_time":44.47818557,"remaining_time":587.3142231,"test":[494.2245473]},
{"learn":[385.5595852],"iteration":704,"passed_time":44.54451728,"remaining_time":587.2926073,"test":[494.1895327]},
{"learn":[385.4886535],"iteration":705,"passed_time":44.61138281,"remaining_time":587.2778921,"test":[494.1892694]},
{"learn":[385.4581997],"iteration":706,"passed_time":44.67655304,"remaining_time":587.240746,"test":[494.1878472]},
{"learn":[385.4512683],"iteration":707,"passed_time":44.7478555,"remaining_time":587.2840019,"test":[494.1863694]},
{"learn":[385.3914814],"iteration":708,"passed_time":44.81810779,"remaining_time":587.3131728,"test":[494.1706468]},
{"learn":[385.2037516],"iteration":709,"passed_time":44.89742924,"remaining_time":587.4607291,"test":[493.9661121]},
{"learn":[385.2028963],"iteration":710,"passed_time":44.9343006,"remaining_time":587.0530496,"test":[493.9714364]},
{"learn":[385.1759777],"iteration":711,"passed_time":44.99818646,"remaining_time":586.9988144,"test":[493.9646514]},
{"learn":[385.1705167],"iteration":712,"passed_time":45.06212542,"remaining_time":586.9452437,"test":[493.9705639]},
{"learn":[385.1419266],"iteration":713,"passed_time":45.1275165,"remaining_time":586.9105297,"test":[493.9621538]},
{"learn":[385.0590253],"iteration":714,"passed_time":45.20242845,"remaining_time":586.999368,"test":[493.9576238]},
{"learn":[385.0530636],"iteration":715,"passed_time":45.27651108,"remaining_time":587.0769956,"test":[493.9526139]},
{"learn":[384.7798347],"iteration":716,"passed_time":45.35078606,"remaining_time":587.1566904,"test":[493.7668288]},
{"learn":[384.5766185],"iteration":717,"passed_time":45.4137011,"remaining_time":587.0890997,"test":[493.6757022]},
{"learn":[384.5620913],"iteration":718,"passed_time":45.47720578,"remaining_time":587.0291333,"test":[493.681749]},
{"learn":[384.2857036],"iteration":719,"passed_time":45.5639366,"remaining_time":587.2685161,"test":[493.7502579]},
{"learn":[384.2726879],"iteration":720,"passed_time":45.63751644,"remaining_time":587.3377463,"test":[493.7512264]},
{"learn":[384.2602763],"iteration":721,"passed_time":45.7111919,"remaining_time":587.4078095,"test":[493.7671753]},
{"learn":[384.2415476],"iteration":722,"passed_time":45.79837543,"remaining_time":587.6508006,"test":[493.7585924]},
{"learn":[384.2344434],"iteration":723,"passed_time":45.88452033,"remaining_time":587.8795727,"test":[493.7553018]},
{"learn":[384.1855237],"iteration":724,"passed_time":45.95264192,"remaining_time":587.8769018,"test":[493.7247449]},
{"learn":[384.1616898],"iteration":725,"passed_time":46.02890912,"remaining_time":587.9781035,"test":[493.7253096]},
{"learn":[384.1483063],"iteration":726,"passed_time":46.117592,"remaining_time":588.2371811,"test":[493.7572336]},
{"learn":[384.1263119],"iteration":727,"passed_time":46.18843253,"remaining_time":588.2680583,"test":[493.7596429]},
{"learn":[384.1140376],"iteration":728,"passed_time":46.2651213,"remaining_time":588.3730309,"test":[493.7341373]},
{"learn":[384.0845773],"iteration":729,"passed_time":46.33888977,"remaining_time":588.4404222,"test":[493.7778535]},
{"learn":[384.059248],"iteration":730,"passed_time":46.40093319,"remaining_time":588.3587547,"test":[493.7671998]},
{"learn":[383.9737539],"iteration":731,"passed_time":46.48045239,"remaining_time":588.4984054,"test":[493.7224064]},
{"learn":[383.9436818],"iteration":732,"passed_time":46.55791445,"remaining_time":588.6114504,"test":[493.7299547]},
{"learn":[383.9018043],"iteration":733,"passed_time":46.62296179,"remaining_time":588.5672533,"test":[493.7496895]},
{"learn":[383.896759],"iteration":734,"passed_time":46.69507477,"remaining_time":588.612065,"test":[493.7582396]},
{"learn":[383.8794957],"iteration":735,"passed_time":46.77096259,"remaining_time":588.7040727,"test":[493.7654636]},
{"learn":[383.8701416],"iteration":736,"passed_time":46.83665606,"remaining_time":588.6674968,"test":[493.8126318]},
{"learn":[383.8663864],"iteration":737,"passed_time":46.90326289,"remaining_time":588.6423047,"test":[493.8174852]},
{"learn":[383.8501923],"iteration":738,"passed_time":46.96594519,"remaining_time":588.5678193,"test":[493.8055295]},
{"learn":[383.8362682],"iteration":739,"passed_time":47.02898899,"remaining_time":588.4978892,"test":[493.87914]},
{"learn":[383.8318249],"iteration":740,"passed_time":47.10013389,"remaining_time":588.5292034,"test":[493.881041]},
{"learn":[383.7982251],"iteration":741,"passed_time":47.16440212,"remaining_time":588.4744405,"test":[493.8751387]},
{"learn":[383.7950221],"iteration":742,"passed_time":47.2274898,"remaining_time":588.4049436,"test":[493.8803156]},
{"learn":[383.787043],"iteration":743,"passed_time":47.29564495,"remaining_time":588.3985077,"test":[493.9143008]},
{"learn":[383.7755475],"iteration":744,"passed_time":47.36827769,"remaining_time":588.4475303,"test":[493.9105033]},
{"learn":[383.7685142],"iteration":745,"passed_time":47.41070685,"remaining_time":588.1215565,"test":[493.9121774]},
{"learn":[383.7505127],"iteration":746,"passed_time":47.45167146,"remaining_time":587.7782008,"test":[493.9093583]},
{"learn":[383.7361718],"iteration":747,"passed_time":47.5074311,"remaining_time":587.6186532,"test":[493.8973323]},
{"learn":[383.7326533],"iteration":748,"passed_time":47.54640237,"remaining_time":587.2520271,"test":[493.904358]},
{"learn":[383.7242875],"iteration":749,"passed_time":47.58615209,"remaining_time":586.8958758,"test":[493.9490355]},
{"learn":[383.7190714],"iteration":750,"passed_time":47.6295862,"remaining_time":586.5859425,"test":[493.9461375]},
{"learn":[383.5431967],"iteration":751,"passed_time":47.67615972,"remaining_time":586.3153259,"test":[493.9213314]},
{"learn":[383.538219],"iteration":752,"passed_time":47.71197743,"remaining_time":585.9132208,"test":[493.9301816]},
{"learn":[383.5170352],"iteration":753,"passed_time":47.74602835,"remaining_time":585.490422,"test":[493.9314535]},
{"learn":[383.4912167],"iteration":754,"passed_time":47.79543113,"remaining_time":585.2566368,"test":[493.9435149]},
{"learn":[383.4276156],"iteration":755,"passed_time":47.8582671,"remaining_time":585.187594,"test":[493.9643286]},
{"learn":[383.3640574],"iteration":756,"passed_time":47.90277035,"remaining_time":584.8947244,"test":[493.9968028]},
{"learn":[383.2752414],"iteration":757,"passed_time":47.98628619,"remaining_time":585.0781754,"test":[493.9911631]},
{"learn":[383.2655078],"iteration":758,"passed_time":48.05172703,"remaining_time":585.0408557,"test":[493.9867808]},
{"learn":[383.1882234],"iteration":759,"passed_time":48.13463106,"remaining_time":585.2157776,"test":[494.0075254]},
{"learn":[383.1619825],"iteration":760,"passed_time":48.20629467,"remaining_time":585.2535564,"test":[494.0088223]},
{"learn":[383.154097],"iteration":761,"passed_time":48.26837051,"remaining_time":585.174812,"test":[494.1638956]},
{"learn":[383.1423617],"iteration":762,"passed_time":48.34237278,"remaining_time":585.2404945,"test":[494.1583507]},
{"learn":[383.1318767],"iteration":763,"passed_time":48.41202262,"remaining_time":585.2531949,"test":[494.1593309]},
{"learn":[383.12665],"iteration":764,"passed_time":48.47449095,"remaining_time":585.1789855,"test":[494.1542515]},
{"learn":[383.1244409],"iteration":765,"passed_time":48.53344313,"remaining_time":585.0624201,"test":[494.1598046]},
{"learn":[383.1079172],"iteration":766,"passed_time":48.61621104,"remaining_time":585.2326943,"test":[494.1588069]},
{"learn":[383.0996437],"iteration":767,"passed_time":48.70140408,"remaining_time":585.4314616,"test":[494.1529089]},
{"learn":[383.081054],"iteration":768,"passed_time":48.76908409,"remaining_time":585.4192656,"test":[494.2197316]},
{"learn":[383.0770699],"iteration":769,"passed_time":48.8427052,"remaining_time":585.4781415,"test":[494.2218239]},
{"learn":[383.0498006],"iteration":770,"passed_time":48.92445889,"remaining_time":585.6340222,"test":[494.2454069]},
{"learn":[383.0076237],"iteration":771,"passed_time":48.98641592,"remaining_time":585.5526504,"test":[494.2359838]},
{"learn":[383.0061938],"iteration":772,"passed_time":49.04929707,"remaining_time":585.4823597,"test":[494.2342691]},
{"learn":[382.9879605],"iteration":773,"passed_time":49.11106488,"remaining_time":585.3988173,"test":[494.2387812]},
{"learn":[382.9673933],"iteration":774,"passed_time":49.17077842,"remaining_time":585.2908787,"test":[494.2743108]},
{"learn":[382.9540637],"iteration":775,"passed_time":49.22993338,"remaining_time":585.1764246,"test":[494.2825531]},
{"learn":[382.9504488],"iteration":776,"passed_time":49.29386264,"remaining_time":585.118784,"test":[494.3638748]},
{"learn":[382.9228521],"iteration":777,"passed_time":49.35712792,"remaining_time":585.0532567,"test":[494.3794114]},
{"learn":[382.9124813],"iteration":778,"passed_time":49.43953719,"remaining_time":585.214342,"test":[494.3950389]},
{"learn":[382.9048831],"iteration":779,"passed_time":49.49751124,"remaining_time":585.0859662,"test":[494.391089]},
{"learn":[382.6984121],"iteration":780,"passed_time":49.56796056,"remaining_time":585.10503,"test":[494.4175934]},
{"learn":[382.6972054],"iteration":781,"passed_time":49.62880204,"remaining_time":585.0106103,"test":[494.4210777]},
{"learn":[382.6732988],"iteration":782,"passed_time":49.7164693,"remaining_time":585.232053,"test":[494.4245235]},
{"learn":[382.6669162],"iteration":783,"passed_time":49.78069971,"remaining_time":585.1772048,"test":[494.4373389]},
{"learn":[382.6526999],"iteration":784,"passed_time":49.84086069,"remaining_time":585.0745622,"test":[494.4303403]},
{"learn":[382.6375369],"iteration":785,"passed_time":49.92426765,"remaining_time":585.2445319,"test":[494.4446707]},
{"learn":[382.6144734],"iteration":786,"passed_time":49.99641854,"remaining_time":585.2820889,"test":[494.4247365]},
{"learn":[382.5970233],"iteration":787,"passed_time":50.0606815,"remaining_time":585.2271548,"test":[494.4045303]},
{"learn":[382.5838871],"iteration":788,"passed_time":50.10965878,"remaining_time":584.9937479,"test":[494.4048065]},
{"learn":[382.5565829],"iteration":789,"passed_time":50.13663081,"remaining_time":584.5042655,"test":[494.3648229]},
{"learn":[382.540845],"iteration":790,"passed_time":50.17373655,"remaining_time":584.1339316,"test":[494.3551081]},
{"learn":[382.522517],"iteration":791,"passed_time":50.20970416,"remaining_time":583.7512069,"test":[494.3543984]},
{"learn":[382.5090615],"iteration":792,"passed_time":50.24639065,"remaining_time":583.3777033,"test":[494.3588768]},
{"learn":[382.4979632],"iteration":793,"passed_time":50.30158127,"remaining_time":583.2195935,"test":[494.3522449]},
{"learn":[382.4929472],"iteration":794,"passed_time":50.34646794,"remaining_time":582.942437,"test":[494.3577448]},
{"learn":[382.4906451],"iteration":795,"passed_time":50.38586251,"remaining_time":582.60236,"test":[494.3568344]},
{"learn":[382.4812274],"iteration":796,"passed_time":50.42600182,"remaining_time":582.2716371,"test":[494.3517101]},
{"learn":[382.4640779],"iteration":797,"passed_time":50.46381556,"remaining_time":581.9148255,"test":[494.3492701]},
{"learn":[382.4632781],"iteration":798,"passed_time":50.50346363,"remaining_time":581.579936,"test":[494.351454]},
{"learn":[382.4170547],"iteration":799,"passed_time":50.53838996,"remaining_time":581.1914846,"test":[494.2402295]},
{"learn":[382.4127026],"iteration":800,"passed_time":50.59584758,"remaining_time":581.062674,"test":[494.2441707]},
{"learn":[382.4116782],"iteration":801,"passed_time":50.66198232,"remaining_time":581.0335578,"test":[494.2472569]},
{"learn":[382.4072871],"iteration":802,"passed_time":50.7373159,"remaining_time":581.1097066,"test":[494.2568471]},
{"learn":[382.3960631],"iteration":803,"passed_time":50.81185022,"remaining_time":581.1763366,"test":[494.2670727]},
{"learn":[382.3933285],"iteration":804,"passed_time":50.8752359,"remaining_time":581.1152722,"test":[494.265007]},
{"learn":[382.3676515],"iteration":805,"passed_time":50.95658924,"remaining_time":581.2591581,"test":[494.2591119]},
{"learn":[382.3631291],"iteration":806,"passed_time":51.01581378,"remaining_time":581.150404,"test":[494.2665803]},
{"learn":[382.3609928],"iteration":807,"passed_time":51.08885017,"remaining_time":581.1988995,"test":[494.2665199]},
{"learn":[382.3485002],"iteration":808,"passed_time":51.15738254,"remaining_time":581.1959245,"test":[494.2699918]},
{"learn":[382.337317],"iteration":809,"passed_time":51.22224933,"remaining_time":581.1511992,"test":[494.2673337]},
{"learn":[382.3229499],"iteration":810,"passed_time":51.29006193,"remaining_time":581.1398016,"test":[494.2686702]},
{"learn":[382.3182343],"iteration":811,"passed_time":51.33962584,"remaining_time":580.9217761,"test":[494.2711133]},
{"learn":[382.3105393],"iteration":812,"passed_time":51.36933173,"remaining_time":580.4797671,"test":[494.4191063]},
{"learn":[382.2916647],"iteration":813,"passed_time":51.39896052,"remaining_time":580.0379009,"test":[494.4258508]},
{"learn":[382.2656484],"iteration":814,"passed_time":51.42713376,"remaining_time":579.5806424,"test":[494.4130233]},
{"learn":[382.2463434],"iteration":815,"passed_time":51.45417533,"remaining_time":579.1116988,"test":[494.3921206]},
{"learn":[382.2447497],"iteration":816,"passed_time":51.51001405,"remaining_time":578.9675141,"test":[494.3934545]},
{"learn":[382.2361118],"iteration":817,"passed_time":51.56485507,"remaining_time":578.8123462,"test":[494.4123701]}
]}